07/07/2026 22:28:34 | INFO     | PortalSession   | Starting Chrome...
07/07/2026 22:28:42 | INFO     | ResourcesJob    | Running resource check...
07/07/2026 22:28:42 | INFO     | Collector       | Collecting resources...
07/07/2026 22:28:42 | INFO     | Collector       | Collecting subjects...
07/07/2026 22:29:13 | ERROR    | ResourcesJob    | Resource job failed.
Traceback (most recent call last):
  File "C:\Users\Pichau\Documents\coisas\botescolar\jobs\resources.py", line 58, in run
    .collect_resources()
     ~~~~~~~~~~~~~~~~~^^
  File "C:\Users\Pichau\Documents\coisas\botescolar\portal\collection.py", line 181, in collect_resources
    subjects = self.get_subjects()
  File "C:\Users\Pichau\Documents\coisas\botescolar\portal\collection.py", line 89, in get_subjects
    modal = self.session.wait(
        selectors.SUBJECT_MODAL
    )
  File "C:\Users\Pichau\Documents\coisas\botescolar\portal\session.py", line 174, in wait
    return utils.wait_present(
           ~~~~~~~~~~~~~~~~~~^
        self.driver,
        ^^^^^^^^^^^^
        xpath,
        ^^^^^^
        timeout,
        ^^^^^^^^
    )
    ^
  File "C:\Users\Pichau\Documents\coisas\botescolar\portal\utils.py", line 30, in wait_present
    return WebDriverWait(driver, timeout).until(
           ~~~~~~~~~~~~~~~~~~~~~~~~~~~~~~~~~~~~^
        EC.presence_of_element_located((By.XPATH, xpath))
        ^^^^^^^^^^^^^^^^^^^^^^^^^^^^^^^^^^^^^^^^^^^^^^^^^
    )
    ^
  File "C:\Users\Pichau\AppData\Local\Python\pythoncore-3.14-64\Lib\site-packages\selenium\webdriver\support\wait.py", line 121, in until
    raise TimeoutException(message, screen, stacktrace)
selenium.common.exceptions.TimeoutException: Message: 
Stacktrace:
	chromedriver!GetHandleVerifier [0x7ff6662be1d5+153f5]
	chromedriver!GetHandleVerifier [0x7ff6662be230+15450]
	chromedriver!(No symbol) [0x7ff665df5bbd]
	chromedriver!(No symbol) [0x7ff665e5108d]
	chromedriver!(No symbol) [0x7ff665e5138c]
	chromedriver!(No symbol) [0x7ff665ea1c27]
	chromedriver!(No symbol) [0x7ff665e9e7eb]
	chromedriver!(No symbol) [0x7ff665e4361c]
	chromedriver!(No symbol) [0x7ff665e44543]
	chromedriver!GetHandleVerifier [0x7ff6668897c1+5e09e1]
	chromedriver!GetHandleVerifier [0x7ff666883b6b+5dad8b]
	chromedriver!GetHandleVerifier [0x7ff6668a9345+600565]
	chromedriver!GetHandleVerifier [0x7ff6662dbf7e+3319e]
	chromedriver!GetHandleVerifier [0x7ff6662e476c+3b98c]
	chromedriver!GetHandleVerifier [0x7ff6662c82a4+1f4c4]
	chromedriver!GetHandleVerifier [0x7ff6662c8434+1f654]
	chromedriver!GetHandleVerifier [0x7ff6662ab0c7+22e7]
	KERNEL32!BaseThreadInitThunk [0x7ffd7d80e8d7+17]
	ntdll!RtlUserThreadStart [0x7ffd7efac40c+2c]

07/07/2026 22:29:13 | INFO     | PortalSession   | Closing Chrome...
07/07/2026 22:47:28 | INFO     | Token           | Opening browser for token capture...
07/07/2026 22:47:37 | INFO     | Token           | Waiting for portal login...
07/07/2026 22:48:02 | ERROR    | Token           | Token not found.
07/07/2026 22:48:13 | INFO     | Token           | Opening browser for token capture...
07/07/2026 22:48:24 | INFO     | Token           | Waiting for portal login...
07/07/2026 22:48:49 | ERROR    | Token           | Token not found.
07/07/2026 22:52:39 | INFO     | Token           | Opening browser for token capture...
07/07/2026 22:52:48 | INFO     | Token           | Waiting for portal login...
07/07/2026 22:53:13 | ERROR    | Token           | Token not found.
07/07/2026 22:53:20 | INFO     | Token           | Opening browser for token capture...
07/07/2026 22:53:28 | INFO     | Token           | Waiting for portal login...
07/07/2026 22:53:53 | ERROR    | Token           | Token not found.
07/07/2026 22:54:42 | INFO     | Token           | Opening browser for token capture...
07/07/2026 22:54:46 | INFO     | Token           | Waiting for portal login...
07/07/2026 22:55:21 | ERROR    | Token           | Token not found.
07/07/2026 22:55:30 | INFO     | Token           | Opening browser for token capture...
07/07/2026 22:55:35 | INFO     | Token           | Waiting for portal login...
07/07/2026 22:56:10 | ERROR    | Token           | Token not found.
07/07/2026 22:58:16 | INFO     | Token           | Opening browser for token capture...
07/07/2026 22:58:20 | INFO     | Token           | Waiting for portal login...
07/07/2026 22:58:55 | INFO     | Token           | Token captured (794 chars)
07/07/2026 22:58:57 | INFO     | PortalSession   | Starting Chrome...
07/07/2026 22:58:58 | INFO     | PortalSession   | Opening https://portal.educacaoadventista.org.br/
07/07/2026 22:59:03 | INFO     | ResourcesJob    | Running resource check...
07/07/2026 22:59:03 | INFO     | Collector       | Collecting resources...
07/07/2026 22:59:03 | INFO     | Collector       | Collecting subjects...
07/07/2026 22:59:33 | ERROR    | ResourcesJob    | Resource job failed.
Traceback (most recent call last):
  File "C:\Users\Pichau\Documents\coisas\botescolar\jobs\resources.py", line 58, in run
    .collect_resources()
     ~~~~~~~~~~~~~~~~~^^
  File "C:\Users\Pichau\Documents\coisas\botescolar\portal\collection.py", line 181, in collect_resources
    subjects = self.get_subjects()
  File "C:\Users\Pichau\Documents\coisas\botescolar\portal\collection.py", line 89, in get_subjects
    modal = self.session.wait(
        selectors.SUBJECT_MODAL
    )
  File "C:\Users\Pichau\Documents\coisas\botescolar\portal\session.py", line 188, in wait
    return utils.wait_present(
           ~~~~~~~~~~~~~~~~~~^
        self.driver,
        ^^^^^^^^^^^^
        xpath,
        ^^^^^^
        timeout,
        ^^^^^^^^
    )
    ^
  File "C:\Users\Pichau\Documents\coisas\botescolar\portal\utils.py", line 30, in wait_present
    return WebDriverWait(driver, timeout).until(
           ~~~~~~~~~~~~~~~~~~~~~~~~~~~~~~~~~~~~^
        EC.presence_of_element_located((By.XPATH, xpath))
        ^^^^^^^^^^^^^^^^^^^^^^^^^^^^^^^^^^^^^^^^^^^^^^^^^
    )
    ^
  File "C:\Users\Pichau\AppData\Local\Python\pythoncore-3.14-64\Lib\site-packages\selenium\webdriver\support\wait.py", line 121, in until
    raise TimeoutException(message, screen, stacktrace)
selenium.common.exceptions.TimeoutException: Message: 
Stacktrace:
	chromedriver!GetHandleVerifier [0x7ff6662be1d5+153f5]
	chromedriver!GetHandleVerifier [0x7ff6662be230+15450]
	chromedriver!(No symbol) [0x7ff665df5bbd]
	chromedriver!(No symbol) [0x7ff665e5108d]
	chromedriver!(No symbol) [0x7ff665e5138c]
	chromedriver!(No symbol) [0x7ff665ea1c27]
	chromedriver!(No symbol) [0x7ff665e9e7eb]
	chromedriver!(No symbol) [0x7ff665e4361c]
	chromedriver!(No symbol) [0x7ff665e44543]
	chromedriver!GetHandleVerifier [0x7ff6668897c1+5e09e1]
	chromedriver!GetHandleVerifier [0x7ff666883b6b+5dad8b]
	chromedriver!GetHandleVerifier [0x7ff6668a9345+600565]
	chromedriver!GetHandleVerifier [0x7ff6662dbf7e+3319e]
	chromedriver!GetHandleVerifier [0x7ff6662e476c+3b98c]
	chromedriver!GetHandleVerifier [0x7ff6662c82a4+1f4c4]
	chromedriver!GetHandleVerifier [0x7ff6662c8434+1f654]
	chromedriver!GetHandleVerifier [0x7ff6662ab0c7+22e7]
	KERNEL32!BaseThreadInitThunk [0x7ffd7d80e8d7+17]
	ntdll!RtlUserThreadStart [0x7ffd7efac40c+2c]

07/07/2026 22:59:33 | INFO     | PortalSession   | Closing Chrome...
07/07/2026 23:28:49 | INFO     | Token           | Opening browser for token capture...
07/07/2026 23:28:54 | INFO     | Token           | Waiting for portal login...
07/07/2026 23:29:29 | INFO     | Token           | Token captured (794 chars)
07/07/2026 23:29:31 | INFO     | PortalSession   | Starting Chrome...
07/07/2026 23:29:31 | INFO     | PortalSession   | Opening https://portal.educacaoadventista.org.br/
07/07/2026 23:29:33 | INFO     | ResourcesJob    | Running resource check...
07/07/2026 23:29:33 | INFO     | Collector       | Collecting resources...
07/07/2026 23:29:33 | INFO     | Collector       | Collecting subjects...
07/07/2026 23:30:04 | ERROR    | ResourcesJob    | Resource job failed.
Traceback (most recent call last):
  File "C:\Users\Pichau\Documents\coisas\botescolar\jobs\resources.py", line 58, in run
    .collect_resources()
     ~~~~~~~~~~~~~~~~~^^
  File "C:\Users\Pichau\Documents\coisas\botescolar\portal\collection.py", line 181, in collect_resources
    subjects = self.get_subjects()
  File "C:\Users\Pichau\Documents\coisas\botescolar\portal\collection.py", line 89, in get_subjects
    modal = self.session.wait(
        selectors.SUBJECT_MODAL
    )
  File "C:\Users\Pichau\Documents\coisas\botescolar\portal\session.py", line 204, in wait
    return utils.wait_present(
           ~~~~~~~~~~~~~~~~~~^
        self.driver,
        ^^^^^^^^^^^^
        xpath,
        ^^^^^^
        timeout,
        ^^^^^^^^
    )
    ^
  File "C:\Users\Pichau\Documents\coisas\botescolar\portal\utils.py", line 30, in wait_present
    return WebDriverWait(driver, timeout).until(
           ~~~~~~~~~~~~~~~~~~~~~~~~~~~~~~~~~~~~^
        EC.presence_of_element_located((By.XPATH, xpath))
        ^^^^^^^^^^^^^^^^^^^^^^^^^^^^^^^^^^^^^^^^^^^^^^^^^
    )
    ^
  File "C:\Users\Pichau\AppData\Local\Python\pythoncore-3.14-64\Lib\site-packages\selenium\webdriver\support\wait.py", line 121, in until
    raise TimeoutException(message, screen, stacktrace)
selenium.common.exceptions.TimeoutException: Message: 
Stacktrace:
	chromedriver!GetHandleVerifier [0x7ff76d4fe1d5+153f5]
	chromedriver!GetHandleVerifier [0x7ff76d4fe230+15450]
	chromedriver!(No symbol) [0x7ff76d035bbd]
	chromedriver!(No symbol) [0x7ff76d09108d]
	chromedriver!(No symbol) [0x7ff76d09138c]
	chromedriver!(No symbol) [0x7ff76d0e1c27]
	chromedriver!(No symbol) [0x7ff76d0de7eb]
	chromedriver!(No symbol) [0x7ff76d08361c]
	chromedriver!(No symbol) [0x7ff76d084543]
	chromedriver!GetHandleVerifier [0x7ff76dac97c1+5e09e1]
	chromedriver!GetHandleVerifier [0x7ff76dac3b6b+5dad8b]
	chromedriver!GetHandleVerifier [0x7ff76dae9345+600565]
	chromedriver!GetHandleVerifier [0x7ff76d51bf7e+3319e]
	chromedriver!GetHandleVerifier [0x7ff76d52476c+3b98c]
	chromedriver!GetHandleVerifier [0x7ff76d5082a4+1f4c4]
	chromedriver!GetHandleVerifier [0x7ff76d508434+1f654]
	chromedriver!GetHandleVerifier [0x7ff76d4eb0c7+22e7]
	KERNEL32!BaseThreadInitThunk [0x7ffd7d80e8d7+17]
	ntdll!RtlUserThreadStart [0x7ffd7efac40c+2c]

07/07/2026 23:30:04 | INFO     | PortalSession   | Closing Chrome...
07/07/2026 23:33:56 | INFO     | Token           | Opening browser for token capture...
07/07/2026 23:33:58 | INFO     | Token           | Waiting for portal login...
07/07/2026 23:34:33 | ERROR    | Token           | Token not found.
07/07/2026 23:34:56 | INFO     | Token           | Opening browser for token capture...
07/07/2026 23:34:58 | INFO     | Token           | Waiting for portal login...
07/07/2026 23:35:33 | ERROR    | Token           | Token not found.
07/07/2026 23:35:41 | INFO     | Token           | Opening browser for token capture...
07/07/2026 23:35:43 | INFO     | Token           | Waiting for portal login...
07/07/2026 23:39:27 | INFO     | PortalToken     | No saved token. Starting capture.
07/07/2026 23:39:47 | INFO     | PortalToken     | Token captured.
07/07/2026 23:39:49 | INFO     | PortalToken     | Token saved.
07/07/2026 23:39:49 | INFO     | PortalSession   | Starting Chrome...
07/07/2026 23:39:50 | INFO     | PortalSession   | Opening https://portal.educacaoadventista.org.br/
07/07/2026 23:39:52 | INFO     | ResourcesJob    | Running resource check...
07/07/2026 23:39:52 | INFO     | Collector       | Collecting resources...
07/07/2026 23:39:52 | INFO     | Collector       | Collecting subjects...
07/07/2026 23:40:22 | ERROR    | ResourcesJob    | Resource job failed.
Traceback (most recent call last):
  File "C:\Users\Pichau\Documents\coisas\botescolar\jobs\resources.py", line 58, in run
    .collect_resources()
     ~~~~~~~~~~~~~~~~~^^
  File "C:\Users\Pichau\Documents\coisas\botescolar\portal\collection.py", line 181, in collect_resources
    subjects = self.get_subjects()
  File "C:\Users\Pichau\Documents\coisas\botescolar\portal\collection.py", line 89, in get_subjects
    modal = self.session.wait(
        selectors.SUBJECT_MODAL
    )
  File "C:\Users\Pichau\Documents\coisas\botescolar\portal\session.py", line 206, in wait
    return utils.wait_present(
           ~~~~~~~~~~~~~~~~~~^
        self.driver,
        ^^^^^^^^^^^^
        xpath,
        ^^^^^^
        timeout,
        ^^^^^^^^
    )
    ^
  File "C:\Users\Pichau\Documents\coisas\botescolar\portal\utils.py", line 30, in wait_present
    return WebDriverWait(driver, timeout).until(
           ~~~~~~~~~~~~~~~~~~~~~~~~~~~~~~~~~~~~^
        EC.presence_of_element_located((By.XPATH, xpath))
        ^^^^^^^^^^^^^^^^^^^^^^^^^^^^^^^^^^^^^^^^^^^^^^^^^
    )
    ^
  File "C:\Users\Pichau\AppData\Local\Python\pythoncore-3.14-64\Lib\site-packages\selenium\webdriver\support\wait.py", line 121, in until
    raise TimeoutException(message, screen, stacktrace)
selenium.common.exceptions.TimeoutException: Message: 
Stacktrace:
	chromedriver!GetHandleVerifier [0x7ff76d4fe1d5+153f5]
	chromedriver!GetHandleVerifier [0x7ff76d4fe230+15450]
	chromedriver!(No symbol) [0x7ff76d035bbd]
	chromedriver!(No symbol) [0x7ff76d09108d]
	chromedriver!(No symbol) [0x7ff76d09138c]
	chromedriver!(No symbol) [0x7ff76d0e1c27]
	chromedriver!(No symbol) [0x7ff76d0de7eb]
	chromedriver!(No symbol) [0x7ff76d08361c]
	chromedriver!(No symbol) [0x7ff76d084543]
	chromedriver!GetHandleVerifier [0x7ff76dac97c1+5e09e1]
	chromedriver!GetHandleVerifier [0x7ff76dac3b6b+5dad8b]
	chromedriver!GetHandleVerifier [0x7ff76dae9345+600565]
	chromedriver!GetHandleVerifier [0x7ff76d51bf7e+3319e]
	chromedriver!GetHandleVerifier [0x7ff76d52476c+3b98c]
	chromedriver!GetHandleVerifier [0x7ff76d5082a4+1f4c4]
	chromedriver!GetHandleVerifier [0x7ff76d508434+1f654]
	chromedriver!GetHandleVerifier [0x7ff76d4eb0c7+22e7]
	KERNEL32!BaseThreadInitThunk [0x7ffd7d80e8d7+17]
	ntdll!RtlUserThreadStart [0x7ffd7efac40c+2c]

07/07/2026 23:40:22 | INFO     | PortalSession   | Closing Chrome...
07/07/2026 23:42:13 | INFO     | PortalToken     | Using saved portal token.
07/07/2026 23:42:13 | INFO     | PortalSession   | Starting Chrome...
07/07/2026 23:42:14 | INFO     | PortalSession   | Opening https://portal.educacaoadventista.org.br/
07/07/2026 23:42:15 | INFO     | ResourcesJob    | Running resource check...
07/07/2026 23:42:15 | INFO     | Collector       | Collecting resources...
07/07/2026 23:42:15 | INFO     | Collector       | Collecting subjects...
07/07/2026 23:42:46 | ERROR    | ResourcesJob    | Resource job failed.
Traceback (most recent call last):
  File "C:\Users\Pichau\Documents\coisas\botescolar\jobs\resources.py", line 58, in run
    .collect_resources()
     ~~~~~~~~~~~~~~~~~^^
  File "C:\Users\Pichau\Documents\coisas\botescolar\portal\collection.py", line 181, in collect_resources
    subjects = self.get_subjects()
  File "C:\Users\Pichau\Documents\coisas\botescolar\portal\collection.py", line 89, in get_subjects
    modal = self.session.wait(
        selectors.SUBJECT_MODAL
    )
  File "C:\Users\Pichau\Documents\coisas\botescolar\portal\session.py", line 219, in wait
    return utils.wait_present(
           ~~~~~~~~~~~~~~~~~~^
        self.driver,
        ^^^^^^^^^^^^
        xpath,
        ^^^^^^
        timeout,
        ^^^^^^^^
    )
    ^
  File "C:\Users\Pichau\Documents\coisas\botescolar\portal\utils.py", line 30, in wait_present
    return WebDriverWait(driver, timeout).until(
           ~~~~~~~~~~~~~~~~~~~~~~~~~~~~~~~~~~~~^
        EC.presence_of_element_located((By.XPATH, xpath))
        ^^^^^^^^^^^^^^^^^^^^^^^^^^^^^^^^^^^^^^^^^^^^^^^^^
    )
    ^
  File "C:\Users\Pichau\AppData\Local\Python\pythoncore-3.14-64\Lib\site-packages\selenium\webdriver\support\wait.py", line 121, in until
    raise TimeoutException(message, screen, stacktrace)
selenium.common.exceptions.TimeoutException: Message: 
Stacktrace:
	chromedriver!GetHandleVerifier [0x7ff76d4fe1d5+153f5]
	chromedriver!GetHandleVerifier [0x7ff76d4fe230+15450]
	chromedriver!(No symbol) [0x7ff76d035bbd]
	chromedriver!(No symbol) [0x7ff76d09108d]
	chromedriver!(No symbol) [0x7ff76d09138c]
	chromedriver!(No symbol) [0x7ff76d0e1c27]
	chromedriver!(No symbol) [0x7ff76d0de7eb]
	chromedriver!(No symbol) [0x7ff76d08361c]
	chromedriver!(No symbol) [0x7ff76d084543]
	chromedriver!GetHandleVerifier [0x7ff76dac97c1+5e09e1]
	chromedriver!GetHandleVerifier [0x7ff76dac3b6b+5dad8b]
	chromedriver!GetHandleVerifier [0x7ff76dae9345+600565]
	chromedriver!GetHandleVerifier [0x7ff76d51bf7e+3319e]
	chromedriver!GetHandleVerifier [0x7ff76d52476c+3b98c]
	chromedriver!GetHandleVerifier [0x7ff76d5082a4+1f4c4]
	chromedriver!GetHandleVerifier [0x7ff76d508434+1f654]
	chromedriver!GetHandleVerifier [0x7ff76d4eb0c7+22e7]
	KERNEL32!BaseThreadInitThunk [0x7ffd7d80e8d7+17]
	ntdll!RtlUserThreadStart [0x7ffd7efac40c+2c]

07/07/2026 23:42:46 | INFO     | PortalSession   | Closing Chrome...
07/07/2026 23:45:20 | INFO     | PortalSession   | Token injected. Refreshing...
07/07/2026 23:45:45 | INFO     | PortalToken     | Using saved portal token.
07/07/2026 23:45:45 | INFO     | PortalSession   | Starting Chrome...
07/07/2026 23:45:46 | INFO     | PortalSession   | Opening https://portal.educacaoadventista.org.br/
07/07/2026 23:45:47 | INFO     | PortalSession   | Injecting portal token...
07/07/2026 23:45:47 | INFO     | PortalSession   | Token injected. Refreshing...
07/07/2026 23:45:48 | INFO     | ResourcesJob    | Running resource check...
07/07/2026 23:45:48 | INFO     | Collector       | Collecting resources...
07/07/2026 23:45:48 | INFO     | Collector       | Collecting subjects...
07/07/2026 23:46:18 | ERROR    | ResourcesJob    | Resource job failed.
Traceback (most recent call last):
  File "C:\Users\Pichau\Documents\coisas\botescolar\jobs\resources.py", line 58, in run
    .collect_resources()
     ~~~~~~~~~~~~~~~~~^^
  File "C:\Users\Pichau\Documents\coisas\botescolar\portal\collection.py", line 181, in collect_resources
    subjects = self.get_subjects()
  File "C:\Users\Pichau\Documents\coisas\botescolar\portal\collection.py", line 89, in get_subjects
    modal = self.session.wait(
        selectors.SUBJECT_MODAL
    )
  File "C:\Users\Pichau\Documents\coisas\botescolar\portal\session.py", line 225, in wait
            timeout,
               ^^^^^
    ...<3 lines>...
    
    
  File "C:\Users\Pichau\Documents\coisas\botescolar\portal\utils.py", line 30, in wait_present
    return WebDriverWait(driver, timeout).until(
           ~~~~~~~~~~~~~~~~~~~~~~~~~~~~~~~~~~~~^
        EC.presence_of_element_located((By.XPATH, xpath))
        ^^^^^^^^^^^^^^^^^^^^^^^^^^^^^^^^^^^^^^^^^^^^^^^^^
    )
    ^
  File "C:\Users\Pichau\AppData\Local\Python\pythoncore-3.14-64\Lib\site-packages\selenium\webdriver\support\wait.py", line 121, in until
    raise TimeoutException(message, screen, stacktrace)
selenium.common.exceptions.TimeoutException: Message: 
Stacktrace:
	chromedriver!GetHandleVerifier [0x7ff76d4fe1d5+153f5]
	chromedriver!GetHandleVerifier [0x7ff76d4fe230+15450]
	chromedriver!(No symbol) [0x7ff76d035bbd]
	chromedriver!(No symbol) [0x7ff76d09108d]
	chromedriver!(No symbol) [0x7ff76d09138c]
	chromedriver!(No symbol) [0x7ff76d0e1c27]
	chromedriver!(No symbol) [0x7ff76d0de7eb]
	chromedriver!(No symbol) [0x7ff76d08361c]
	chromedriver!(No symbol) [0x7ff76d084543]
	chromedriver!GetHandleVerifier [0x7ff76dac97c1+5e09e1]
	chromedriver!GetHandleVerifier [0x7ff76dac3b6b+5dad8b]
	chromedriver!GetHandleVerifier [0x7ff76dae9345+600565]
	chromedriver!GetHandleVerifier [0x7ff76d51bf7e+3319e]
	chromedriver!GetHandleVerifier [0x7ff76d52476c+3b98c]
	chromedriver!GetHandleVerifier [0x7ff76d5082a4+1f4c4]
	chromedriver!GetHandleVerifier [0x7ff76d508434+1f654]
	chromedriver!GetHandleVerifier [0x7ff76d4eb0c7+22e7]
	KERNEL32!BaseThreadInitThunk [0x7ffd7d80e8d7+17]
	ntdll!RtlUserThreadStart [0x7ffd7efac40c+2c]

07/07/2026 23:46:18 | INFO     | PortalSession   | Closing Chrome...
07/07/2026 23:46:25 | INFO     | PortalToken     | Using saved portal token.
07/07/2026 23:46:25 | INFO     | PortalSession   | Starting Chrome...
07/07/2026 23:46:25 | INFO     | PortalSession   | Opening https://portal.educacaoadventista.org.br/
07/07/2026 23:46:27 | INFO     | PortalSession   | Injecting portal token...
07/07/2026 23:46:27 | INFO     | PortalSession   | Token injected. Refreshing...
07/07/2026 23:46:27 | INFO     | ResourcesJob    | Running resource check...
07/07/2026 23:46:27 | INFO     | Collector       | Collecting resources...
07/07/2026 23:46:27 | INFO     | Collector       | Collecting subjects...
07/07/2026 23:46:58 | ERROR    | ResourcesJob    | Resource job failed.
Traceback (most recent call last):
  File "C:\Users\Pichau\Documents\coisas\botescolar\jobs\resources.py", line 58, in run
    .collect_resources()
     ~~~~~~~~~~~~~~~~~^^
  File "C:\Users\Pichau\Documents\coisas\botescolar\portal\collection.py", line 181, in collect_resources
    subjects = self.get_subjects()
  File "C:\Users\Pichau\Documents\coisas\botescolar\portal\collection.py", line 89, in get_subjects
    modal = self.session.wait(
        selectors.SUBJECT_MODAL
    )
  File "C:\Users\Pichau\Documents\coisas\botescolar\portal\session.py", line 222, in wait
    return utils.wait_present(
           ~~~~~~~~~~~~~~~~~~^
        self.driver,
        ^^^^^^^^^^^^
        xpath,
        ^^^^^^
        timeout,
        ^^^^^^^^
    )
    ^
  File "C:\Users\Pichau\Documents\coisas\botescolar\portal\utils.py", line 30, in wait_present
    return WebDriverWait(driver, timeout).until(
           ~~~~~~~~~~~~~~~~~~~~~~~~~~~~~~~~~~~~^
        EC.presence_of_element_located((By.XPATH, xpath))
        ^^^^^^^^^^^^^^^^^^^^^^^^^^^^^^^^^^^^^^^^^^^^^^^^^
    )
    ^
  File "C:\Users\Pichau\AppData\Local\Python\pythoncore-3.14-64\Lib\site-packages\selenium\webdriver\support\wait.py", line 121, in until
    raise TimeoutException(message, screen, stacktrace)
selenium.common.exceptions.TimeoutException: Message: 
Stacktrace:
	chromedriver!GetHandleVerifier [0x7ff76d4fe1d5+153f5]
	chromedriver!GetHandleVerifier [0x7ff76d4fe230+15450]
	chromedriver!(No symbol) [0x7ff76d035bbd]
	chromedriver!(No symbol) [0x7ff76d09108d]
	chromedriver!(No symbol) [0x7ff76d09138c]
	chromedriver!(No symbol) [0x7ff76d0e1c27]
	chromedriver!(No symbol) [0x7ff76d0de7eb]
	chromedriver!(No symbol) [0x7ff76d08361c]
	chromedriver!(No symbol) [0x7ff76d084543]
	chromedriver!GetHandleVerifier [0x7ff76dac97c1+5e09e1]
	chromedriver!GetHandleVerifier [0x7ff76dac3b6b+5dad8b]
	chromedriver!GetHandleVerifier [0x7ff76dae9345+600565]
	chromedriver!GetHandleVerifier [0x7ff76d51bf7e+3319e]
	chromedriver!GetHandleVerifier [0x7ff76d52476c+3b98c]
	chromedriver!GetHandleVerifier [0x7ff76d5082a4+1f4c4]
	chromedriver!GetHandleVerifier [0x7ff76d508434+1f654]
	chromedriver!GetHandleVerifier [0x7ff76d4eb0c7+22e7]
	KERNEL32!BaseThreadInitThunk [0x7ffd7d80e8d7+17]
	ntdll!RtlUserThreadStart [0x7ffd7efac40c+2c]

07/07/2026 23:46:58 | INFO     | PortalSession   | Closing Chrome...
07/07/2026 23:53:24 | INFO     | PortalToken     | Using saved portal token.
07/07/2026 23:53:24 | INFO     | PortalSession   | Starting Chrome...
07/07/2026 23:53:24 | INFO     | PortalSession   | Opening https://portal.educacaoadventista.org.br/
07/07/2026 23:53:26 | INFO     | PortalSession   | Injecting portal token...
07/07/2026 23:53:26 | INFO     | PortalSession   | Token injected. Refreshing...
07/07/2026 23:53:26 | INFO     | ResourcesJob    | Running resource check...
07/07/2026 23:53:26 | INFO     | Collector       | Collecting resources...
07/07/2026 23:53:26 | INFO     | Collector       | Collecting subjects...
07/07/2026 23:53:31 | ERROR    | ResourcesJob    | Resource job failed.
Traceback (most recent call last):
  File "C:\Users\Pichau\Documents\coisas\botescolar\jobs\resources.py", line 58, in run
    .collect_resources()
     ~~~~~~~~~~~~~~~~~^^
  File "C:\Users\Pichau\Documents\coisas\botescolar\portal\collection.py", line 220, in collect_resources
    subjects = self.get_subjects()
  File "C:\Users\Pichau\Documents\coisas\botescolar\portal\collection.py", line 133, in get_subjects
    links = self.session.find_all(
            ^^^^^^^^^^^^^^^^^^^^^
AttributeError: 'PortalSession' object has no attribute 'find_all'
07/07/2026 23:53:31 | INFO     | PortalSession   | Closing Chrome...
07/07/2026 23:55:39 | INFO     | PortalToken     | Using saved portal token.
07/07/2026 23:55:39 | INFO     | PortalSession   | Starting Chrome...
07/07/2026 23:55:40 | INFO     | PortalSession   | Opening https://portal.educacaoadventista.org.br/
07/07/2026 23:55:41 | INFO     | PortalSession   | Injecting portal token...
07/07/2026 23:55:41 | INFO     | PortalSession   | Token injected. Refreshing...
07/07/2026 23:55:42 | INFO     | ResourcesJob    | Running resource check...
07/07/2026 23:55:42 | INFO     | Collector       | Collecting resources...
07/07/2026 23:55:42 | INFO     | Collector       | Collecting subjects...
07/07/2026 23:55:46 | INFO     | Collector       | Found 0 subjects.
07/07/2026 23:55:46 | INFO     | Collector       | Collected 0 resources.
07/07/2026 23:55:46 | INFO     | ResourcesJob    | Found 0 resources.
07/07/2026 23:55:46 | INFO     | PortalSession   | Closing Chrome...
07/07/2026 23:58:00 | INFO     | PortalToken     | Using saved portal token.
07/07/2026 23:58:00 | INFO     | PortalSession   | Starting Chrome...
07/07/2026 23:58:01 | INFO     | PortalSession   | Opening https://portal.educacaoadventista.org.br/
07/07/2026 23:58:03 | INFO     | PortalSession   | Injecting portal token...
07/07/2026 23:58:03 | INFO     | PortalSession   | Token injected. Refreshing...
07/07/2026 23:58:03 | INFO     | ResourcesJob    | Running resource check...
07/07/2026 23:58:03 | INFO     | Collector       | Collecting resources...
07/07/2026 23:58:03 | INFO     | Collector       | Collecting subjects...
07/07/2026 23:58:08 | INFO     | Collector       | Found 0 subjects.
07/07/2026 23:58:08 | INFO     | Collector       | Collected 0 resources.
07/07/2026 23:58:08 | INFO     | ResourcesJob    | Found 0 resources.
07/07/2026 23:58:08 | INFO     | PortalSession   | Closing Chrome...
07/07/2026 23:59:39 | INFO     | PortalToken     | Using saved portal token.
07/07/2026 23:59:39 | INFO     | PortalSession   | Starting Chrome...
07/07/2026 23:59:40 | INFO     | PortalSession   | Opening https://portal.educacaoadventista.org.br/
07/07/2026 23:59:41 | INFO     | PortalSession   | Injecting portal token...
07/07/2026 23:59:41 | INFO     | PortalSession   | Token injected. Refreshing...
07/07/2026 23:59:41 | INFO     | ResourcesJob    | Running resource check...
07/07/2026 23:59:41 | INFO     | Collector       | Collecting resources...
07/07/2026 23:59:41 | INFO     | Collector       | Collecting subjects...
07/07/2026 23:59:46 | INFO     | Collector       | Found 1 subjects.
07/07/2026 23:59:46 | INFO     | Collector       | Opening Ensino Religioso
08/07/2026 00:00:16 | ERROR    | ResourcesJob    | Resource job failed.
Traceback (most recent call last):
  File "C:\Users\Pichau\Documents\coisas\botescolar\jobs\resources.py", line 58, in run
    .collect_resources()
     ~~~~~~~~~~~~~~~~~^^
  File "C:\Users\Pichau\Documents\coisas\botescolar\portal\collection.py", line 233, in collect_resources
    cards = self.get_cards()
  File "C:\Users\Pichau\Documents\coisas\botescolar\portal\collection.py", line 200, in get_cards
    card = self.session.wait(
        selectors.CONTENT_CARD
    )
  File "C:\Users\Pichau\Documents\coisas\botescolar\portal\session.py", line 224, in wait
    return utils.wait_present(
           ~~~~~~~~~~~~~~~~~~^
        self.driver,
        ^^^^^^^^^^^^
        xpath,
        ^^^^^^
        timeout,
        ^^^^^^^^
    )
    ^
  File "C:\Users\Pichau\Documents\coisas\botescolar\portal\utils.py", line 30, in wait_present
    return WebDriverWait(driver, timeout).until(
           ~~~~~~~~~~~~~~~~~~~~~~~~~~~~~~~~~~~~^
        EC.presence_of_element_located((By.XPATH, xpath))
        ^^^^^^^^^^^^^^^^^^^^^^^^^^^^^^^^^^^^^^^^^^^^^^^^^
    )
    ^
  File "C:\Users\Pichau\AppData\Local\Python\pythoncore-3.14-64\Lib\site-packages\selenium\webdriver\support\wait.py", line 121, in until
    raise TimeoutException(message, screen, stacktrace)
selenium.common.exceptions.TimeoutException: Message: 
Stacktrace:
	chromedriver!GetHandleVerifier [0x7ff76d4fe1d5+153f5]
	chromedriver!GetHandleVerifier [0x7ff76d4fe230+15450]
	chromedriver!(No symbol) [0x7ff76d035bbd]
	chromedriver!(No symbol) [0x7ff76d09108d]
	chromedriver!(No symbol) [0x7ff76d09138c]
	chromedriver!(No symbol) [0x7ff76d0e1c27]
	chromedriver!(No symbol) [0x7ff76d0de7eb]
	chromedriver!(No symbol) [0x7ff76d08361c]
	chromedriver!(No symbol) [0x7ff76d084543]
	chromedriver!GetHandleVerifier [0x7ff76dac97c1+5e09e1]
	chromedriver!GetHandleVerifier [0x7ff76dac3b6b+5dad8b]
	chromedriver!GetHandleVerifier [0x7ff76dae9345+600565]
	chromedriver!GetHandleVerifier [0x7ff76d51bf7e+3319e]
	chromedriver!GetHandleVerifier [0x7ff76d52476c+3b98c]
	chromedriver!GetHandleVerifier [0x7ff76d5082a4+1f4c4]
	chromedriver!GetHandleVerifier [0x7ff76d508434+1f654]
	chromedriver!GetHandleVerifier [0x7ff76d4eb0c7+22e7]
	KERNEL32!BaseThreadInitThunk [0x7ffd7d80e8d7+17]
	ntdll!RtlUserThreadStart [0x7ffd7efac40c+2c]

08/07/2026 00:00:16 | INFO     | PortalSession   | Closing Chrome...
08/07/2026 00:04:41 | INFO     | PortalToken     | Using saved portal token.
08/07/2026 00:04:41 | INFO     | PortalSession   | Starting Chrome...
08/07/2026 00:04:42 | INFO     | PortalSession   | Opening https://portal.educacaoadventista.org.br/
08/07/2026 00:04:43 | INFO     | PortalSession   | Injecting portal token...
08/07/2026 00:04:43 | INFO     | PortalSession   | Token injected. Refreshing...
08/07/2026 00:04:43 | INFO     | ResourcesJob    | Running resource check...
08/07/2026 00:04:43 | INFO     | Collector       | Collecting resources...
08/07/2026 00:04:43 | ERROR    | ResourcesJob    | Resource job failed.
Traceback (most recent call last):
  File "C:\Users\Pichau\Documents\coisas\botescolar\jobs\resources.py", line 58, in run
    .collect_resources()
     ~~~~~~~~~~~~~~~~~^^
  File "C:\Users\Pichau\Documents\coisas\botescolar\portal\collection.py", line 245, in collect_resources
    subjects = self.get_subjects()
               ^^^^^^^^^^^^^^^^^
AttributeError: 'PortalCollector' object has no attribute 'get_subjects'. Did you mean: 'open_subject'?
08/07/2026 00:04:43 | INFO     | PortalSession   | Closing Chrome...
08/07/2026 00:08:38 | INFO     | PortalToken     | Using saved portal token.
08/07/2026 00:08:38 | INFO     | PortalSession   | Starting Chrome...
08/07/2026 00:08:38 | INFO     | PortalSession   | Opening https://portal.educacaoadventista.org.br/
08/07/2026 00:08:40 | INFO     | PortalSession   | Injecting portal token...
08/07/2026 00:08:40 | INFO     | PortalSession   | Token injected. Refreshing...
08/07/2026 00:08:40 | INFO     | ResourcesJob    | Running resource check...
08/07/2026 00:08:40 | ERROR    | ResourcesJob    | Resource job failed.
Traceback (most recent call last):
  File "C:\Users\Pichau\Documents\coisas\botescolar\jobs\resources.py", line 58, in run
    .collect_resources()
     ^^^^^^^^^^^^^^^^^
AttributeError: 'PortalCollector' object has no attribute 'collect_resources'
08/07/2026 00:08:40 | INFO     | PortalSession   | Closing Chrome...
08/07/2026 00:11:41 | INFO     | PortalToken     | Using saved portal token.
08/07/2026 00:11:41 | INFO     | PortalSession   | Starting Chrome...
08/07/2026 00:11:41 | INFO     | PortalSession   | Opening https://portal.educacaoadventista.org.br/
08/07/2026 00:11:43 | INFO     | PortalSession   | Injecting portal token...
08/07/2026 00:11:43 | INFO     | PortalSession   | Token injected. Refreshing...
08/07/2026 00:11:43 | INFO     | ResourcesJob    | Running resource check...
08/07/2026 00:11:43 | INFO     | Collector       | Collecting resources...
08/07/2026 00:11:43 | INFO     | Collector       | Collecting subjects...
08/07/2026 00:11:48 | INFO     | Collector       | Found 1 subjects.
08/07/2026 00:11:48 | INFO     | Collector       | Opening Ensino Religioso
08/07/2026 00:12:18 | ERROR    | ResourcesJob    | Resource job failed.
Traceback (most recent call last):
  File "C:\Users\Pichau\Documents\coisas\botescolar\jobs\resources.py", line 58, in run
    .collect_resources()
     ~~~~~~~~~~~~~~~~~^^
  File "C:\Users\Pichau\Documents\coisas\botescolar\portal\collection.py", line 242, in collect_resources
    cards = self.get_cards()
  File "C:\Users\Pichau\Documents\coisas\botescolar\portal\collection.py", line 209, in get_cards
    card = self.session.wait(
        selectors.CONTENT_CARD
    )
  File "C:\Users\Pichau\Documents\coisas\botescolar\portal\session.py", line 224, in wait
    return utils.wait_present(
           ~~~~~~~~~~~~~~~~~~^
        self.driver,
        ^^^^^^^^^^^^
        xpath,
        ^^^^^^
        timeout,
        ^^^^^^^^
    )
    ^
  File "C:\Users\Pichau\Documents\coisas\botescolar\portal\utils.py", line 30, in wait_present
    return WebDriverWait(driver, timeout).until(
           ~~~~~~~~~~~~~~~~~~~~~~~~~~~~~~~~~~~~^
        EC.presence_of_element_located((By.XPATH, xpath))
        ^^^^^^^^^^^^^^^^^^^^^^^^^^^^^^^^^^^^^^^^^^^^^^^^^
    )
    ^
  File "C:\Users\Pichau\AppData\Local\Python\pythoncore-3.14-64\Lib\site-packages\selenium\webdriver\support\wait.py", line 121, in until
    raise TimeoutException(message, screen, stacktrace)
selenium.common.exceptions.TimeoutException: Message: 
Stacktrace:
	chromedriver!GetHandleVerifier [0x7ff76d4fe1d5+153f5]
	chromedriver!GetHandleVerifier [0x7ff76d4fe230+15450]
	chromedriver!(No symbol) [0x7ff76d035bbd]
	chromedriver!(No symbol) [0x7ff76d09108d]
	chromedriver!(No symbol) [0x7ff76d09138c]
	chromedriver!(No symbol) [0x7ff76d0e1c27]
	chromedriver!(No symbol) [0x7ff76d0de7eb]
	chromedriver!(No symbol) [0x7ff76d08361c]
	chromedriver!(No symbol) [0x7ff76d084543]
	chromedriver!GetHandleVerifier [0x7ff76dac97c1+5e09e1]
	chromedriver!GetHandleVerifier [0x7ff76dac3b6b+5dad8b]
	chromedriver!GetHandleVerifier [0x7ff76dae9345+600565]
	chromedriver!GetHandleVerifier [0x7ff76d51bf7e+3319e]
	chromedriver!GetHandleVerifier [0x7ff76d52476c+3b98c]
	chromedriver!GetHandleVerifier [0x7ff76d5082a4+1f4c4]
	chromedriver!GetHandleVerifier [0x7ff76d508434+1f654]
	chromedriver!GetHandleVerifier [0x7ff76d4eb0c7+22e7]
	KERNEL32!BaseThreadInitThunk [0x7ffd7d80e8d7+17]
	ntdll!RtlUserThreadStart [0x7ffd7efac40c+2c]

08/07/2026 00:12:18 | INFO     | PortalSession   | Closing Chrome...
08/07/2026 22:53:07 | INFO     | PortalToken     | Using saved portal token.
08/07/2026 22:53:07 | INFO     | PortalSession   | Starting Chrome...
08/07/2026 22:53:12 | INFO     | PortalSession   | Opening https://portal.educacaoadventista.org.br/
08/07/2026 22:53:14 | INFO     | PortalSession   | Injecting portal token...
08/07/2026 22:53:14 | INFO     | PortalSession   | Token injected. Refreshing...
08/07/2026 22:53:14 | INFO     | ResourcesJob    | Running resource check...
08/07/2026 22:53:14 | INFO     | Collector       | Collecting resources...
08/07/2026 22:53:14 | INFO     | Collector       | Collecting subjects...
08/07/2026 22:53:37 | INFO     | Collector       | Found 1 subjects.
08/07/2026 22:53:37 | INFO     | Collector       | Opening Cultura Geral
08/07/2026 22:53:43 | ERROR    | ResourcesJob    | Resource job failed.
Traceback (most recent call last):
  File "C:\Users\Pichau\Documents\coisas\botescolar\jobs\resources.py", line 58, in run
    .collect_resources()
     ~~~~~~~~~~~~~~~~~^^
  File "C:\Users\Pichau\Documents\coisas\botescolar\portal\collection.py", line 242, in collect_resources
    cards = self.get_cards()
  File "C:\Users\Pichau\Documents\coisas\botescolar\portal\collection.py", line 209, in get_cards
    card = self.session.wait(
        selectors.CONTENT_CARD
    )
  File "C:\Users\Pichau\Documents\coisas\botescolar\portal\session.py", line 224, in wait
    return utils.wait_present(
           ~~~~~~~~~~~~~~~~~~^
        self.driver,
        ^^^^^^^^^^^^
        xpath,
        ^^^^^^
        timeout,
        ^^^^^^^^
    )
    ^
  File "C:\Users\Pichau\Documents\coisas\botescolar\portal\utils.py", line 30, in wait_present
    return WebDriverWait(driver, timeout).until(
           ~~~~~~~~~~~~~~~~~~~~~~~~~~~~~~~~~~~~^
        EC.presence_of_element_located((By.XPATH, xpath))
        ^^^^^^^^^^^^^^^^^^^^^^^^^^^^^^^^^^^^^^^^^^^^^^^^^
    )
    ^
  File "C:\Users\Pichau\AppData\Local\Python\pythoncore-3.14-64\Lib\site-packages\selenium\webdriver\support\wait.py", line 112, in until
    value = method(self._driver)
  File "C:\Users\Pichau\AppData\Local\Python\pythoncore-3.14-64\Lib\site-packages\selenium\webdriver\support\expected_conditions.py", line 92, in _predicate
    return driver.find_element(*locator)
           ~~~~~~~~~~~~~~~~~~~^^^^^^^^^^
  File "C:\Users\Pichau\AppData\Local\Python\pythoncore-3.14-64\Lib\site-packages\selenium\webdriver\remote\webdriver.py", line 816, in find_element
    return self.execute(Command.FIND_ELEMENT, {"using": by, "value": value})["value"]
           ~~~~~~~~~~~~^^^^^^^^^^^^^^^^^^^^^^^^^^^^^^^^^^^^^^^^^^^^^^^^^^^^^
  File "C:\Users\Pichau\AppData\Local\Python\pythoncore-3.14-64\Lib\site-packages\selenium\webdriver\remote\webdriver.py", line 446, in execute
    self.error_handler.check_response(response)
    ~~~~~~~~~~~~~~~~~~~~~~~~~~~~~~~~~^^^^^^^^^^
  File "C:\Users\Pichau\AppData\Local\Python\pythoncore-3.14-64\Lib\site-packages\selenium\webdriver\remote\errorhandler.py", line 232, in check_response
    raise exception_class(message, screen, stacktrace)
selenium.common.exceptions.InvalidSessionIdException: Message: invalid session id: session deleted as the browser has closed the connection
from disconnected: not connected to DevTools
  (Session info: chrome=150.0.7871.49); For documentation on this error, please visit: https://www.selenium.dev/documentation/webdriver/troubleshooting/errors#invalidsessionidexception
Stacktrace:
	chromedriver!GetHandleVerifier [0x7ff64e34a865+152a5]
	chromedriver!GetHandleVerifier [0x7ff64e34a8c0+15300]
	chromedriver!(No symbol) [0x7ff64dea596d]
	chromedriver!(No symbol) [0x7ff64de91132]
	chromedriver!(No symbol) [0x7ff64deb706c]
	chromedriver!(No symbol) [0x7ff64df30430]
	chromedriver!(No symbol) [0x7ff64df4d5b2]
	chromedriver!(No symbol) [0x7ff64def2b3c]
	chromedriver!(No symbol) [0x7ff64def3a53]
	chromedriver!GetHandleVerifier [0x7ff64e92d3a1+5f7de1]
	chromedriver!GetHandleVerifier [0x7ff64e927a3b+5f247b]
	chromedriver!GetHandleVerifier [0x7ff64e94bca5+6166e5]
	chromedriver!GetHandleVerifier [0x7ff64e3672ae+31cee]
	chromedriver!GetHandleVerifier [0x7ff64e36fe3c+3a87c]
	chromedriver!GetHandleVerifier [0x7ff64e354404+1ee44]
	chromedriver!GetHandleVerifier [0x7ff64e354594+1efd4]
	chromedriver!GetHandleVerifier [0x7ff64e3375c7+2007]
	KERNEL32!BaseThreadInitThunk [0x7fff8d5de8d7+17]
	ntdll!RtlUserThreadStart [0x7fff8e70c40c+2c]

08/07/2026 22:53:43 | INFO     | PortalSession   | Closing Chrome...
08/07/2026 22:54:19 | INFO     | Launcher        | ============================================================
08/07/2026 22:54:19 | INFO     | Launcher        | School Bot starting...
08/07/2026 22:54:19 | INFO     | Launcher        | ============================================================
08/07/2026 22:54:19 | INFO     | Launcher        | Obtaining portal token...
08/07/2026 22:54:19 | INFO     | PortalToken     | Using saved portal token.
08/07/2026 22:54:19 | INFO     | Launcher        | Portal token acquired.
08/07/2026 22:54:19 | INFO     | PortalSession   | Starting Chrome...
08/07/2026 22:54:20 | INFO     | PortalSession   | Opening https://portal.educacaoadventista.org.br/
08/07/2026 22:54:21 | INFO     | PortalSession   | Injecting portal token...
08/07/2026 22:54:21 | INFO     | PortalSession   | Token injected. Refreshing...
08/07/2026 22:54:22 | INFO     | Discord         | Connecting to Discord...
08/07/2026 22:58:26 | INFO     | Launcher        | ============================================================
08/07/2026 22:58:26 | INFO     | Launcher        | School Bot starting...
08/07/2026 22:58:26 | INFO     | Launcher        | ============================================================
08/07/2026 22:58:26 | INFO     | Launcher        | Obtaining portal token...
08/07/2026 22:58:26 | INFO     | PortalToken     | Using saved portal token.
08/07/2026 22:58:26 | INFO     | Launcher        | Portal token acquired.
08/07/2026 22:58:26 | INFO     | PortalSession   | Starting Chrome...
08/07/2026 22:58:27 | INFO     | PortalSession   | Opening https://portal.educacaoadventista.org.br/
08/07/2026 22:58:29 | INFO     | PortalSession   | Injecting portal token...
08/07/2026 22:58:29 | INFO     | PortalSession   | Token injected. Refreshing...
08/07/2026 22:58:29 | INFO     | Discord         | Connecting to Discord...
04/08/2026 18:32:55 | INFO     | Launcher        | ============================================================
04/08/2026 18:32:55 | INFO     | Launcher        | School Bot starting...
04/08/2026 18:32:55 | INFO     | Launcher        | ============================================================
04/08/2026 18:32:55 | INFO     | Launcher        | Obtaining portal token...
04/08/2026 18:32:55 | INFO     | PortalToken     | Using saved portal token.
04/08/2026 18:32:55 | INFO     | Launcher        | Portal token acquired.
04/08/2026 18:32:55 | INFO     | PortalSession   | Starting Chrome...
04/08/2026 18:33:00 | INFO     | PortalSession   | Opening https://portal.educacaoadventista.org.br/
04/08/2026 18:33:01 | INFO     | PortalSession   | Injecting portal token...
04/08/2026 18:33:01 | INFO     | PortalSession   | Token injected. Refreshing...
04/08/2026 18:33:01 | INFO     | Discord         | Connecting to Discord...
04/08/2026 18:37:04 | INFO     | Launcher        | ============================================================
04/08/2026 18:37:04 | INFO     | Launcher        | School Bot starting...
04/08/2026 18:37:04 | INFO     | Launcher        | ============================================================
04/08/2026 18:37:04 | INFO     | Launcher        | Obtaining portal token...
04/08/2026 18:37:04 | INFO     | PortalToken     | Using saved portal token.
04/08/2026 18:37:04 | INFO     | Launcher        | Portal token acquired.
04/08/2026 18:37:04 | INFO     | PortalSession   | Starting Chrome...
04/08/2026 18:37:04 | INFO     | PortalSession   | Opening https://portal.educacaoadventista.org.br/
04/08/2026 18:37:05 | INFO     | PortalSession   | Injecting portal token...
04/08/2026 18:37:05 | INFO     | PortalSession   | Token injected. Refreshing...
04/08/2026 18:37:06 | INFO     | Discord         | Connecting to Discord...
04/08/2026 18:38:00 | INFO     | Launcher        | ============================================================
04/08/2026 18:38:00 | INFO     | Launcher        | School Bot starting...
04/08/2026 18:38:00 | INFO     | Launcher        | ============================================================
04/08/2026 18:38:00 | INFO     | Launcher        | Obtaining portal token...
04/08/2026 18:38:00 | INFO     | PortalToken     | Using saved portal token.
04/08/2026 18:38:00 | INFO     | Launcher        | Portal token acquired.
04/08/2026 18:38:00 | INFO     | PortalSession   | Starting Chrome...
04/08/2026 18:38:00 | INFO     | PortalSession   | Opening https://portal.educacaoadventista.org.br/
04/08/2026 18:38:01 | INFO     | PortalSession   | Injecting portal token...
04/08/2026 18:38:01 | INFO     | PortalSession   | Token injected. Refreshing...
04/08/2026 18:38:01 | INFO     | Discord         | Connecting to Discord...
04/08/2026 18:40:53 | INFO     | Launcher        | ============================================================
04/08/2026 18:40:53 | INFO     | Launcher        | School Bot starting...
04/08/2026 18:40:53 | INFO     | Launcher        | ============================================================
04/08/2026 18:40:53 | INFO     | Launcher        | Obtaining portal token...
04/08/2026 18:40:53 | INFO     | PortalToken     | Using saved portal token.
04/08/2026 18:40:53 | INFO     | Launcher        | Portal token acquired.
04/08/2026 18:40:53 | INFO     | PortalSession   | Starting Chrome...
04/08/2026 18:40:54 | INFO     | PortalSession   | Opening https://portal.educacaoadventista.org.br/
04/08/2026 18:40:55 | INFO     | PortalSession   | Injecting portal token...
04/08/2026 18:40:55 | INFO     | PortalSession   | Token injected. Refreshing...
04/08/2026 18:40:55 | INFO     | Discord         | Connecting to Discord...
04/08/2026 18:40:59 | INFO     | Discord         | Connected as Bot Eclass#8038
04/08/2026 18:40:59 | INFO     | Discord         | Caching Discord channels...
04/08/2026 18:41:00 | INFO     | Discord         | Caching forum threads...
04/08/2026 18:41:00 | INFO     | Discord         | Cached 11 threads.
04/08/2026 18:41:00 | INFO     | Launcher        | Discord connected.
04/08/2026 18:42:32 | INFO     | Launcher        | ============================================================
04/08/2026 18:42:32 | INFO     | Launcher        | School Bot starting...
04/08/2026 18:42:32 | INFO     | Launcher        | ============================================================
04/08/2026 18:42:32 | INFO     | Launcher        | Obtaining portal token...
04/08/2026 18:42:32 | INFO     | PortalToken     | Using saved portal token.
04/08/2026 18:42:32 | INFO     | Launcher        | Portal token acquired.
04/08/2026 18:42:32 | INFO     | PortalSession   | Starting Chrome...
04/08/2026 18:42:32 | INFO     | PortalSession   | Opening https://portal.educacaoadventista.org.br/
04/08/2026 18:42:33 | INFO     | PortalSession   | Injecting portal token...
04/08/2026 18:42:33 | INFO     | PortalSession   | Token injected. Refreshing...
04/08/2026 18:42:33 | INFO     | Discord         | Connecting to Discord...
04/08/2026 18:42:38 | INFO     | Discord         | Connected as Bot Eclass#8038
04/08/2026 18:42:38 | INFO     | Discord         | Caching Discord channels...
04/08/2026 18:42:39 | INFO     | Discord         | Caching forum threads...
04/08/2026 18:42:39 | INFO     | Discord         | Cached 11 threads.
04/08/2026 18:42:39 | INFO     | Launcher        | Discord connected.
04/08/2026 18:43:03 | INFO     | Launcher        | ============================================================
04/08/2026 18:43:03 | INFO     | Launcher        | School Bot starting...
04/08/2026 18:43:03 | INFO     | Launcher        | ============================================================
04/08/2026 18:43:03 | INFO     | Launcher        | Obtaining portal token...
04/08/2026 18:43:03 | INFO     | PortalToken     | Using saved portal token.
04/08/2026 18:43:03 | INFO     | Launcher        | Portal token acquired.
04/08/2026 18:43:03 | INFO     | PortalSession   | Starting Chrome...
04/08/2026 18:43:04 | INFO     | PortalSession   | Opening https://portal.educacaoadventista.org.br/
04/08/2026 18:43:05 | INFO     | PortalSession   | Injecting portal token...
04/08/2026 18:43:05 | INFO     | PortalSession   | Token injected. Refreshing...
04/08/2026 18:43:05 | INFO     | Discord         | Connecting to Discord...
04/08/2026 18:43:10 | INFO     | Discord         | Connected as Bot Eclass#8038
04/08/2026 18:43:10 | INFO     | Discord         | Caching Discord channels...
04/08/2026 18:43:11 | INFO     | Discord         | Caching forum threads...
04/08/2026 18:43:11 | INFO     | Discord         | Cached 11 threads.
04/08/2026 18:43:11 | INFO     | Launcher        | Discord connected.
04/08/2026 18:43:11 | INFO     | Launcher        | Launcher ready.
04/08/2026 18:43:11 | INFO     | Launcher        | Starting scheduled check...
04/08/2026 18:43:11 | INFO     | ResourcesJob    | Running resource check...
04/08/2026 18:43:11 | INFO     | Collector       | Collecting resources...
04/08/2026 18:43:11 | INFO     | Collector       | Collecting subjects...
04/08/2026 18:43:27 | INFO     | Collector       | Found 3 subjects.
04/08/2026 18:43:27 | INFO     | Collector       | Opening História
04/08/2026 18:43:57 | ERROR    | ResourcesJob    | Resource job failed.
Traceback (most recent call last):
  File "C:\Users\Pichau\Documents\coisas\botescolar\jobs\resources.py", line 58, in run
    .collect_resources()
     ~~~~~~~~~~~~~~~~~^^
  File "C:\Users\Pichau\Documents\coisas\botescolar\portal\collection.py", line 242, in collect_resources
    cards = self.get_cards()
  File "C:\Users\Pichau\Documents\coisas\botescolar\portal\collection.py", line 209, in get_cards
    card = self.session.wait(
        selectors.CONTENT_CARD
    )
  File "C:\Users\Pichau\Documents\coisas\botescolar\portal\session.py", line 224, in wait
    return utils.wait_present(
           ~~~~~~~~~~~~~~~~~~^
        self.driver,
        ^^^^^^^^^^^^
        xpath,
        ^^^^^^
        timeout,
        ^^^^^^^^
    )
    ^
  File "C:\Users\Pichau\Documents\coisas\botescolar\portal\utils.py", line 30, in wait_present
    return WebDriverWait(driver, timeout).until(
           ~~~~~~~~~~~~~~~~~~~~~~~~~~~~~~~~~~~~^
        EC.presence_of_element_located((By.XPATH, xpath))
        ^^^^^^^^^^^^^^^^^^^^^^^^^^^^^^^^^^^^^^^^^^^^^^^^^
    )
    ^
  File "C:\Users\Pichau\AppData\Local\Python\pythoncore-3.14-64\Lib\site-packages\selenium\webdriver\support\wait.py", line 121, in until
    raise TimeoutException(message, screen, stacktrace)
selenium.common.exceptions.TimeoutException: Message: 
Stacktrace:
	chromedriver!GetHandleVerifier [0x7ff6c65c0d25+155a5]
	chromedriver!GetHandleVerifier [0x7ff6c65c0d80+15600]
	chromedriver!(No symbol) [0x7ff6c611594d]
	chromedriver!(No symbol) [0x7ff6c61708e9]
	chromedriver!(No symbol) [0x7ff6c6170bec]
	chromedriver!(No symbol) [0x7ff6c61c1437]
	chromedriver!(No symbol) [0x7ff6c61be01b]
	chromedriver!(No symbol) [0x7ff6c6162e6c]
	chromedriver!(No symbol) [0x7ff6c6163d93]
	chromedriver!GetHandleVerifier [0x7ff6c6ba6431+5facb1]
	chromedriver!GetHandleVerifier [0x7ff6c6ba0a9b+5f531b]
	chromedriver!GetHandleVerifier [0x7ff6c6bc5865+61a0e5]
	chromedriver!GetHandleVerifier [0x7ff6c65ddace+3234e]
	chromedriver!GetHandleVerifier [0x7ff6c65e661c+3ae9c]
	chromedriver!GetHandleVerifier [0x7ff6c65cab74+1f3f4]
	chromedriver!GetHandleVerifier [0x7ff6c65cad04+1f584]
	chromedriver!GetHandleVerifier [0x7ff6c65ad9d7+2257]
	KERNEL32!BaseThreadInitThunk [0x7ffce542e8d7+17]
	ntdll!RtlUserThreadStart [0x7ffce6d8c40c+2c]

04/08/2026 18:43:57 | INFO     | TasksJob        | Running task check...
04/08/2026 18:43:57 | INFO     | Collector       | Collecting tasks...
04/08/2026 18:43:57 | INFO     | Collector       | Collecting subjects...
04/08/2026 18:44:28 | ERROR    | TasksJob        | Task job failed.
Traceback (most recent call last):
  File "C:\Users\Pichau\Documents\coisas\botescolar\jobs\tasks.py", line 28, in run
    tasks = self.collector.collect_tasks()
  File "C:\Users\Pichau\Documents\coisas\botescolar\portal\collection.py", line 288, in collect_tasks
    subjects = self.get_subjects()
  File "C:\Users\Pichau\Documents\coisas\botescolar\portal\collection.py", line 132, in get_subjects
    modal = self.session.wait(
        selectors.SUBJECT_MODAL
    )
  File "C:\Users\Pichau\Documents\coisas\botescolar\portal\session.py", line 224, in wait
    return utils.wait_present(
           ~~~~~~~~~~~~~~~~~~^
        self.driver,
        ^^^^^^^^^^^^
        xpath,
        ^^^^^^
        timeout,
        ^^^^^^^^
    )
    ^
  File "C:\Users\Pichau\Documents\coisas\botescolar\portal\utils.py", line 30, in wait_present
    return WebDriverWait(driver, timeout).until(
           ~~~~~~~~~~~~~~~~~~~~~~~~~~~~~~~~~~~~^
        EC.presence_of_element_located((By.XPATH, xpath))
        ^^^^^^^^^^^^^^^^^^^^^^^^^^^^^^^^^^^^^^^^^^^^^^^^^
    )
    ^
  File "C:\Users\Pichau\AppData\Local\Python\pythoncore-3.14-64\Lib\site-packages\selenium\webdriver\support\wait.py", line 121, in until
    raise TimeoutException(message, screen, stacktrace)
selenium.common.exceptions.TimeoutException: Message: 
Stacktrace:
	chromedriver!GetHandleVerifier [0x7ff6c65c0d25+155a5]
	chromedriver!GetHandleVerifier [0x7ff6c65c0d80+15600]
	chromedriver!(No symbol) [0x7ff6c611594d]
	chromedriver!(No symbol) [0x7ff6c61708e9]
	chromedriver!(No symbol) [0x7ff6c6170bec]
	chromedriver!(No symbol) [0x7ff6c61c1437]
	chromedriver!(No symbol) [0x7ff6c61be01b]
	chromedriver!(No symbol) [0x7ff6c6162e6c]
	chromedriver!(No symbol) [0x7ff6c6163d93]
	chromedriver!GetHandleVerifier [0x7ff6c6ba6431+5facb1]
	chromedriver!GetHandleVerifier [0x7ff6c6ba0a9b+5f531b]
	chromedriver!GetHandleVerifier [0x7ff6c6bc5865+61a0e5]
	chromedriver!GetHandleVerifier [0x7ff6c65ddace+3234e]
	chromedriver!GetHandleVerifier [0x7ff6c65e661c+3ae9c]
	chromedriver!GetHandleVerifier [0x7ff6c65cab74+1f3f4]
	chromedriver!GetHandleVerifier [0x7ff6c65cad04+1f584]
	chromedriver!GetHandleVerifier [0x7ff6c65ad9d7+2257]
	KERNEL32!BaseThreadInitThunk [0x7ffce542e8d7+17]
	ntdll!RtlUserThreadStart [0x7ffce6d8c40c+2c]

04/08/2026 18:44:28 | INFO     | Launcher        | Sleeping for 15s...
04/08/2026 18:44:43 | INFO     | Launcher        | Starting scheduled check...
04/08/2026 18:44:43 | INFO     | ResourcesJob    | Running resource check...
04/08/2026 18:44:43 | INFO     | Collector       | Collecting resources...
04/08/2026 18:44:43 | INFO     | Collector       | Collecting subjects...
04/08/2026 18:45:02 | INFO     | Launcher        | Stopping services...
04/08/2026 18:45:02 | INFO     | Discord         | Disconnecting from Discord...
04/08/2026 18:52:40 | INFO     | Launcher        | ============================================================
04/08/2026 18:52:40 | INFO     | Launcher        | School Bot starting...
04/08/2026 18:52:40 | INFO     | Launcher        | ============================================================
04/08/2026 18:52:40 | INFO     | Launcher        | Obtaining portal token...
04/08/2026 18:52:40 | INFO     | PortalToken     | Using saved portal token.
04/08/2026 18:52:40 | INFO     | Launcher        | Portal token acquired.
04/08/2026 18:52:40 | INFO     | PortalSession   | Starting Chrome...
04/08/2026 18:52:41 | INFO     | PortalSession   | Opening https://portal.educacaoadventista.org.br/
04/08/2026 18:52:41 | INFO     | PortalSession   | Injecting portal token...
04/08/2026 18:52:42 | INFO     | PortalSession   | Token injected. Refreshing...
04/08/2026 18:52:42 | INFO     | Discord         | Connecting to Discord...
04/08/2026 18:52:45 | INFO     | Discord         | Connected as Bot Eclass#8038
04/08/2026 18:52:45 | INFO     | Discord         | Caching Discord channels...
04/08/2026 18:52:46 | INFO     | Discord         | Caching forum threads...
04/08/2026 18:52:46 | INFO     | Discord         | Cached 11 threads.
04/08/2026 18:52:46 | INFO     | Launcher        | Discord connected.
04/08/2026 18:52:46 | INFO     | Launcher        | Launcher ready.
04/08/2026 18:52:46 | INFO     | Launcher        | Starting scheduled check...
04/08/2026 18:52:46 | INFO     | ResourcesJob    | Running resource check...
04/08/2026 18:52:46 | INFO     | Collector       | Collecting resources...
04/08/2026 18:52:46 | INFO     | Collector       | Collecting subjects...
04/08/2026 18:53:02 | INFO     | Collector       | Found 3 subjects.
04/08/2026 18:53:02 | INFO     | Collector       | Opening História
04/08/2026 18:53:32 | ERROR    | ResourcesJob    | Resource job failed.
Traceback (most recent call last):
  File "C:\Users\Pichau\Documents\coisas\botescolar\jobs\resources.py", line 58, in run
    .collect_resources()
     ~~~~~~~~~~~~~~~~~^^
  File "C:\Users\Pichau\Documents\coisas\botescolar\portal\collection.py", line 242, in collect_resources
    cards = self.get_cards()
  File "C:\Users\Pichau\Documents\coisas\botescolar\portal\collection.py", line 209, in get_cards
    card = self.session.wait(
        selectors.CONTENT_CARD
    )
  File "C:\Users\Pichau\Documents\coisas\botescolar\portal\session.py", line 224, in wait
    return utils.wait_present(
           ~~~~~~~~~~~~~~~~~~^
        self.driver,
        ^^^^^^^^^^^^
        xpath,
        ^^^^^^
        timeout,
        ^^^^^^^^
    )
    ^
  File "C:\Users\Pichau\Documents\coisas\botescolar\portal\utils.py", line 30, in wait_present
    return WebDriverWait(driver, timeout).until(
           ~~~~~~~~~~~~~~~~~~~~~~~~~~~~~~~~~~~~^
        EC.presence_of_element_located((By.XPATH, xpath))
        ^^^^^^^^^^^^^^^^^^^^^^^^^^^^^^^^^^^^^^^^^^^^^^^^^
    )
    ^
  File "C:\Users\Pichau\AppData\Local\Python\pythoncore-3.14-64\Lib\site-packages\selenium\webdriver\support\wait.py", line 121, in until
    raise TimeoutException(message, screen, stacktrace)
selenium.common.exceptions.TimeoutException: Message: 
Stacktrace:
	chromedriver!GetHandleVerifier [0x7ff6c65c0d25+155a5]
	chromedriver!GetHandleVerifier [0x7ff6c65c0d80+15600]
	chromedriver!(No symbol) [0x7ff6c611594d]
	chromedriver!(No symbol) [0x7ff6c61708e9]
	chromedriver!(No symbol) [0x7ff6c6170bec]
	chromedriver!(No symbol) [0x7ff6c61c1437]
	chromedriver!(No symbol) [0x7ff6c61be01b]
	chromedriver!(No symbol) [0x7ff6c6162e6c]
	chromedriver!(No symbol) [0x7ff6c6163d93]
	chromedriver!GetHandleVerifier [0x7ff6c6ba6431+5facb1]
	chromedriver!GetHandleVerifier [0x7ff6c6ba0a9b+5f531b]
	chromedriver!GetHandleVerifier [0x7ff6c6bc5865+61a0e5]
	chromedriver!GetHandleVerifier [0x7ff6c65ddace+3234e]
	chromedriver!GetHandleVerifier [0x7ff6c65e661c+3ae9c]
	chromedriver!GetHandleVerifier [0x7ff6c65cab74+1f3f4]
	chromedriver!GetHandleVerifier [0x7ff6c65cad04+1f584]
	chromedriver!GetHandleVerifier [0x7ff6c65ad9d7+2257]
	KERNEL32!BaseThreadInitThunk [0x7ffce542e8d7+17]
	ntdll!RtlUserThreadStart [0x7ffce6d8c40c+2c]

04/08/2026 18:53:32 | INFO     | TasksJob        | Running task check...
04/08/2026 18:53:32 | INFO     | Collector       | Collecting tasks...
04/08/2026 18:53:32 | INFO     | Collector       | Collecting subjects...
04/08/2026 18:54:04 | INFO     | Launcher        | Stopping services...
04/08/2026 18:54:04 | INFO     | Discord         | Disconnecting from Discord...
04/08/2026 18:58:09 | INFO     | Launcher        | ============================================================
04/08/2026 18:58:09 | INFO     | Launcher        | School Bot starting...
04/08/2026 18:58:09 | INFO     | Launcher        | ============================================================
04/08/2026 18:58:09 | INFO     | Launcher        | Obtaining portal token...
04/08/2026 18:58:09 | INFO     | PortalToken     | Using saved portal token.
04/08/2026 18:58:09 | INFO     | Launcher        | Portal token acquired.
04/08/2026 18:58:09 | INFO     | PortalSession   | Starting Chrome...
04/08/2026 18:58:10 | INFO     | PortalSession   | Opening https://portal.educacaoadventista.org.br/
04/08/2026 18:58:11 | INFO     | PortalSession   | Injecting portal token...
04/08/2026 18:58:11 | INFO     | PortalSession   | Token injected. Refreshing...
04/08/2026 18:58:11 | INFO     | Discord         | Connecting to Discord...
04/08/2026 18:58:14 | INFO     | Discord         | Connected as Bot Eclass#8038
04/08/2026 18:58:14 | INFO     | Discord         | Caching Discord channels...
04/08/2026 18:58:15 | INFO     | Discord         | Caching forum threads...
04/08/2026 18:58:15 | INFO     | Discord         | Cached 11 threads.
04/08/2026 18:58:15 | INFO     | Launcher        | Discord connected.
04/08/2026 18:58:15 | INFO     | Launcher        | Launcher ready.
04/08/2026 18:58:15 | INFO     | Launcher        | Starting scheduled check...
04/08/2026 18:58:15 | INFO     | ResourcesJob    | Running resource check...
04/08/2026 18:58:15 | INFO     | Collector       | Collecting resources...
04/08/2026 18:58:15 | INFO     | Collector       | Collecting subjects...
04/08/2026 18:58:33 | INFO     | Collector       | Found 3 subjects.
04/08/2026 18:58:33 | INFO     | Collector       | Opening História
04/08/2026 18:58:34 | ERROR    | ResourcesJob    | Resource job failed.
Traceback (most recent call last):
  File "C:\Users\Pichau\Documents\coisas\botescolar\jobs\resources.py", line 58, in run
    .collect_resources()
     ~~~~~~~~~~~~~~~~~^^
  File "C:\Users\Pichau\Documents\coisas\botescolar\portal\collection.py", line 245, in collect_resources
    for card in cards:
                ^^^^^
TypeError: 'WebElement' object is not iterable
04/08/2026 18:58:34 | INFO     | TasksJob        | Running task check...
04/08/2026 18:58:34 | INFO     | Collector       | Collecting tasks...
04/08/2026 18:58:34 | INFO     | Collector       | Collecting subjects...
04/08/2026 18:59:04 | ERROR    | TasksJob        | Task job failed.
Traceback (most recent call last):
  File "C:\Users\Pichau\Documents\coisas\botescolar\jobs\tasks.py", line 28, in run
    tasks = self.collector.collect_tasks()
  File "C:\Users\Pichau\Documents\coisas\botescolar\portal\collection.py", line 288, in collect_tasks
    subjects = self.get_subjects()
  File "C:\Users\Pichau\Documents\coisas\botescolar\portal\collection.py", line 132, in get_subjects
    modal = self.session.wait(
        selectors.SUBJECT_MODAL
    )
  File "C:\Users\Pichau\Documents\coisas\botescolar\portal\session.py", line 224, in wait
    return utils.wait_present(
           ~~~~~~~~~~~~~~~~~~^
        self.driver,
        ^^^^^^^^^^^^
        xpath,
        ^^^^^^
        timeout,
        ^^^^^^^^
    )
    ^
  File "C:\Users\Pichau\Documents\coisas\botescolar\portal\utils.py", line 30, in wait_present
    return WebDriverWait(driver, timeout).until(
           ~~~~~~~~~~~~~~~~~~~~~~~~~~~~~~~~~~~~^
        EC.presence_of_element_located((By.XPATH, xpath))
        ^^^^^^^^^^^^^^^^^^^^^^^^^^^^^^^^^^^^^^^^^^^^^^^^^
    )
    ^
  File "C:\Users\Pichau\AppData\Local\Python\pythoncore-3.14-64\Lib\site-packages\selenium\webdriver\support\wait.py", line 121, in until
    raise TimeoutException(message, screen, stacktrace)
selenium.common.exceptions.TimeoutException: Message: 
Stacktrace:
	chromedriver!GetHandleVerifier [0x7ff6c65c0d25+155a5]
	chromedriver!GetHandleVerifier [0x7ff6c65c0d80+15600]
	chromedriver!(No symbol) [0x7ff6c611594d]
	chromedriver!(No symbol) [0x7ff6c61708e9]
	chromedriver!(No symbol) [0x7ff6c6170bec]
	chromedriver!(No symbol) [0x7ff6c61c1437]
	chromedriver!(No symbol) [0x7ff6c61be01b]
	chromedriver!(No symbol) [0x7ff6c6162e6c]
	chromedriver!(No symbol) [0x7ff6c6163d93]
	chromedriver!GetHandleVerifier [0x7ff6c6ba6431+5facb1]
	chromedriver!GetHandleVerifier [0x7ff6c6ba0a9b+5f531b]
	chromedriver!GetHandleVerifier [0x7ff6c6bc5865+61a0e5]
	chromedriver!GetHandleVerifier [0x7ff6c65ddace+3234e]
	chromedriver!GetHandleVerifier [0x7ff6c65e661c+3ae9c]
	chromedriver!GetHandleVerifier [0x7ff6c65cab74+1f3f4]
	chromedriver!GetHandleVerifier [0x7ff6c65cad04+1f584]
	chromedriver!GetHandleVerifier [0x7ff6c65ad9d7+2257]
	KERNEL32!BaseThreadInitThunk [0x7ffce542e8d7+17]
	ntdll!RtlUserThreadStart [0x7ffce6d8c40c+2c]

04/08/2026 18:59:04 | INFO     | Launcher        | Sleeping for 15s...
04/08/2026 18:59:19 | INFO     | Launcher        | Starting scheduled check...
04/08/2026 18:59:19 | INFO     | ResourcesJob    | Running resource check...
04/08/2026 18:59:19 | INFO     | Collector       | Collecting resources...
04/08/2026 18:59:19 | INFO     | Collector       | Collecting subjects...
04/08/2026 18:59:49 | ERROR    | ResourcesJob    | Resource job failed.
Traceback (most recent call last):
  File "C:\Users\Pichau\Documents\coisas\botescolar\jobs\resources.py", line 58, in run
    .collect_resources()
     ~~~~~~~~~~~~~~~~~^^
  File "C:\Users\Pichau\Documents\coisas\botescolar\portal\collection.py", line 232, in collect_resources
    subjects = self.get_subjects()
  File "C:\Users\Pichau\Documents\coisas\botescolar\portal\collection.py", line 132, in get_subjects
    modal = self.session.wait(
        selectors.SUBJECT_MODAL
    )
  File "C:\Users\Pichau\Documents\coisas\botescolar\portal\session.py", line 224, in wait
    return utils.wait_present(
           ~~~~~~~~~~~~~~~~~~^
        self.driver,
        ^^^^^^^^^^^^
        xpath,
        ^^^^^^
        timeout,
        ^^^^^^^^
    )
    ^
  File "C:\Users\Pichau\Documents\coisas\botescolar\portal\utils.py", line 30, in wait_present
    return WebDriverWait(driver, timeout).until(
           ~~~~~~~~~~~~~~~~~~~~~~~~~~~~~~~~~~~~^
        EC.presence_of_element_located((By.XPATH, xpath))
        ^^^^^^^^^^^^^^^^^^^^^^^^^^^^^^^^^^^^^^^^^^^^^^^^^
    )
    ^
  File "C:\Users\Pichau\AppData\Local\Python\pythoncore-3.14-64\Lib\site-packages\selenium\webdriver\support\wait.py", line 121, in until
    raise TimeoutException(message, screen, stacktrace)
selenium.common.exceptions.TimeoutException: Message: 
Stacktrace:
	chromedriver!GetHandleVerifier [0x7ff6c65c0d25+155a5]
	chromedriver!GetHandleVerifier [0x7ff6c65c0d80+15600]
	chromedriver!(No symbol) [0x7ff6c611594d]
	chromedriver!(No symbol) [0x7ff6c61708e9]
	chromedriver!(No symbol) [0x7ff6c6170bec]
	chromedriver!(No symbol) [0x7ff6c61c1437]
	chromedriver!(No symbol) [0x7ff6c61be01b]
	chromedriver!(No symbol) [0x7ff6c6162e6c]
	chromedriver!(No symbol) [0x7ff6c6163d93]
	chromedriver!GetHandleVerifier [0x7ff6c6ba6431+5facb1]
	chromedriver!GetHandleVerifier [0x7ff6c6ba0a9b+5f531b]
	chromedriver!GetHandleVerifier [0x7ff6c6bc5865+61a0e5]
	chromedriver!GetHandleVerifier [0x7ff6c65ddace+3234e]
	chromedriver!GetHandleVerifier [0x7ff6c65e661c+3ae9c]
	chromedriver!GetHandleVerifier [0x7ff6c65cab74+1f3f4]
	chromedriver!GetHandleVerifier [0x7ff6c65cad04+1f584]
	chromedriver!GetHandleVerifier [0x7ff6c65ad9d7+2257]
	KERNEL32!BaseThreadInitThunk [0x7ffce542e8d7+17]
	ntdll!RtlUserThreadStart [0x7ffce6d8c40c+2c]

04/08/2026 18:59:49 | INFO     | TasksJob        | Running task check...
04/08/2026 18:59:49 | INFO     | Collector       | Collecting tasks...
04/08/2026 18:59:49 | INFO     | Collector       | Collecting subjects...
04/08/2026 19:00:20 | ERROR    | TasksJob        | Task job failed.
Traceback (most recent call last):
  File "C:\Users\Pichau\Documents\coisas\botescolar\jobs\tasks.py", line 28, in run
    tasks = self.collector.collect_tasks()
  File "C:\Users\Pichau\Documents\coisas\botescolar\portal\collection.py", line 288, in collect_tasks
    subjects = self.get_subjects()
  File "C:\Users\Pichau\Documents\coisas\botescolar\portal\collection.py", line 132, in get_subjects
    modal = self.session.wait(
        selectors.SUBJECT_MODAL
    )
  File "C:\Users\Pichau\Documents\coisas\botescolar\portal\session.py", line 224, in wait
    return utils.wait_present(
           ~~~~~~~~~~~~~~~~~~^
        self.driver,
        ^^^^^^^^^^^^
        xpath,
        ^^^^^^
        timeout,
        ^^^^^^^^
    )
    ^
  File "C:\Users\Pichau\Documents\coisas\botescolar\portal\utils.py", line 30, in wait_present
    return WebDriverWait(driver, timeout).until(
           ~~~~~~~~~~~~~~~~~~~~~~~~~~~~~~~~~~~~^
        EC.presence_of_element_located((By.XPATH, xpath))
        ^^^^^^^^^^^^^^^^^^^^^^^^^^^^^^^^^^^^^^^^^^^^^^^^^
    )
    ^
  File "C:\Users\Pichau\AppData\Local\Python\pythoncore-3.14-64\Lib\site-packages\selenium\webdriver\support\wait.py", line 121, in until
    raise TimeoutException(message, screen, stacktrace)
selenium.common.exceptions.TimeoutException: Message: 
Stacktrace:
	chromedriver!GetHandleVerifier [0x7ff6c65c0d25+155a5]
	chromedriver!GetHandleVerifier [0x7ff6c65c0d80+15600]
	chromedriver!(No symbol) [0x7ff6c611594d]
	chromedriver!(No symbol) [0x7ff6c61708e9]
	chromedriver!(No symbol) [0x7ff6c6170bec]
	chromedriver!(No symbol) [0x7ff6c61c1437]
	chromedriver!(No symbol) [0x7ff6c61be01b]
	chromedriver!(No symbol) [0x7ff6c6162e6c]
	chromedriver!(No symbol) [0x7ff6c6163d93]
	chromedriver!GetHandleVerifier [0x7ff6c6ba6431+5facb1]
	chromedriver!GetHandleVerifier [0x7ff6c6ba0a9b+5f531b]
	chromedriver!GetHandleVerifier [0x7ff6c6bc5865+61a0e5]
	chromedriver!GetHandleVerifier [0x7ff6c65ddace+3234e]
	chromedriver!GetHandleVerifier [0x7ff6c65e661c+3ae9c]
	chromedriver!GetHandleVerifier [0x7ff6c65cab74+1f3f4]
	chromedriver!GetHandleVerifier [0x7ff6c65cad04+1f584]
	chromedriver!GetHandleVerifier [0x7ff6c65ad9d7+2257]
	KERNEL32!BaseThreadInitThunk [0x7ffce542e8d7+17]
	ntdll!RtlUserThreadStart [0x7ffce6d8c40c+2c]

04/08/2026 19:00:20 | INFO     | Launcher        | Sleeping for 15s...
04/08/2026 19:00:35 | INFO     | Launcher        | Starting scheduled check...
04/08/2026 19:00:35 | INFO     | ResourcesJob    | Running resource check...
04/08/2026 19:00:35 | INFO     | Collector       | Collecting resources...
04/08/2026 19:00:35 | INFO     | Collector       | Collecting subjects...
04/08/2026 19:01:05 | ERROR    | ResourcesJob    | Resource job failed.
Traceback (most recent call last):
  File "C:\Users\Pichau\Documents\coisas\botescolar\jobs\resources.py", line 58, in run
    )
    
  File "C:\Users\Pichau\Documents\coisas\botescolar\portal\collection.py", line 232, in collect_resources
    subjects = self.get_subjects()
  File "C:\Users\Pichau\Documents\coisas\botescolar\portal\collection.py", line 132, in get_subjects
    modal = self.session.wait(
        selectors.SUBJECT_MODAL
    )
  File "C:\Users\Pichau\Documents\coisas\botescolar\portal\session.py", line 224, in wait
    return utils.wait_present(
           ~~~~~~~~~~~~~~~~~~^
        self.driver,
        ^^^^^^^^^^^^
        xpath,
        ^^^^^^
        timeout,
        ^^^^^^^^
    )
    ^
  File "C:\Users\Pichau\Documents\coisas\botescolar\portal\utils.py", line 30, in wait_present
    return WebDriverWait(driver, timeout).until(
           ~~~~~~~~~~~~~~~~~~~~~~~~~~~~~~~~~~~~^
        EC.presence_of_element_located((By.XPATH, xpath))
        ^^^^^^^^^^^^^^^^^^^^^^^^^^^^^^^^^^^^^^^^^^^^^^^^^
    )
    ^
  File "C:\Users\Pichau\AppData\Local\Python\pythoncore-3.14-64\Lib\site-packages\selenium\webdriver\support\wait.py", line 121, in until
    raise TimeoutException(message, screen, stacktrace)
selenium.common.exceptions.TimeoutException: Message: 
Stacktrace:
	chromedriver!GetHandleVerifier [0x7ff6c65c0d25+155a5]
	chromedriver!GetHandleVerifier [0x7ff6c65c0d80+15600]
	chromedriver!(No symbol) [0x7ff6c611594d]
	chromedriver!(No symbol) [0x7ff6c61708e9]
	chromedriver!(No symbol) [0x7ff6c6170bec]
	chromedriver!(No symbol) [0x7ff6c61c1437]
	chromedriver!(No symbol) [0x7ff6c61be01b]
	chromedriver!(No symbol) [0x7ff6c6162e6c]
	chromedriver!(No symbol) [0x7ff6c6163d93]
	chromedriver!GetHandleVerifier [0x7ff6c6ba6431+5facb1]
	chromedriver!GetHandleVerifier [0x7ff6c6ba0a9b+5f531b]
	chromedriver!GetHandleVerifier [0x7ff6c6bc5865+61a0e5]
	chromedriver!GetHandleVerifier [0x7ff6c65ddace+3234e]
	chromedriver!GetHandleVerifier [0x7ff6c65e661c+3ae9c]
	chromedriver!GetHandleVerifier [0x7ff6c65cab74+1f3f4]
	chromedriver!GetHandleVerifier [0x7ff6c65cad04+1f584]
	chromedriver!GetHandleVerifier [0x7ff6c65ad9d7+2257]
	KERNEL32!BaseThreadInitThunk [0x7ffce542e8d7+17]
	ntdll!RtlUserThreadStart [0x7ffce6d8c40c+2c]

04/08/2026 19:01:05 | INFO     | TasksJob        | Running task check...
04/08/2026 19:01:05 | INFO     | Collector       | Collecting tasks...
04/08/2026 19:01:05 | INFO     | Collector       | Collecting subjects...
04/08/2026 19:01:13 | INFO     | Launcher        | Stopping services...
04/08/2026 19:01:13 | INFO     | Discord         | Disconnecting from Discord...
04/08/2026 19:07:22 | INFO     | Launcher        | ============================================================
04/08/2026 19:07:22 | INFO     | Launcher        | School Bot starting...
04/08/2026 19:07:22 | INFO     | Launcher        | ============================================================
04/08/2026 19:07:22 | INFO     | Launcher        | Obtaining portal token...
04/08/2026 19:07:22 | INFO     | PortalToken     | Using saved portal token.
04/08/2026 19:07:22 | INFO     | Launcher        | Portal token acquired.
04/08/2026 19:07:22 | INFO     | PortalSession   | Starting Chrome...
04/08/2026 19:07:22 | INFO     | PortalSession   | Opening https://portal.educacaoadventista.org.br/
04/08/2026 19:07:23 | INFO     | PortalSession   | Injecting portal token...
04/08/2026 19:07:23 | INFO     | PortalSession   | Token injected. Refreshing...
04/08/2026 19:07:23 | INFO     | Discord         | Connecting to Discord...
04/08/2026 19:07:28 | INFO     | Discord         | Connected as Bot Eclass#8038
04/08/2026 19:07:28 | INFO     | Discord         | Caching Discord channels...
04/08/2026 19:07:28 | INFO     | Discord         | Caching forum threads...
04/08/2026 19:07:29 | INFO     | Discord         | Cached 11 threads.
04/08/2026 19:07:29 | INFO     | Launcher        | Discord connected.
04/08/2026 19:07:29 | INFO     | Launcher        | Launcher ready.
04/08/2026 19:07:29 | INFO     | Launcher        | Starting scheduled check...
04/08/2026 19:07:29 | INFO     | ResourcesJob    | Running resource check...
04/08/2026 19:07:29 | INFO     | Collector       | Collecting resources...
04/08/2026 19:07:29 | INFO     | Collector       | Collecting subjects...
04/08/2026 19:07:42 | INFO     | Collector       | Found 3 subjects.
04/08/2026 19:07:42 | INFO     | Collector       | Opening História
04/08/2026 19:07:43 | ERROR    | ResourcesJob    | Resource job failed.
Traceback (most recent call last):
  File "C:\Users\Pichau\Documents\coisas\botescolar\jobs\resources.py", line 57, in run
    .collect_resources()
     ~~~~~~~~~~~~~~~~~^^
  File "C:\Users\Pichau\Documents\coisas\botescolar\portal\collection.py", line 246, in collect_resources
    cards = self.get_cards()
  File "C:\Users\Pichau\Documents\coisas\botescolar\portal\collection.py", line 215, in get_cards
    By.XPATH,
    ^^
NameError: name 'By' is not defined. Did you mean: 'self.By'?
04/08/2026 19:07:43 | INFO     | TasksJob        | Running task check...
04/08/2026 19:07:43 | INFO     | Collector       | Collecting tasks...
04/08/2026 19:07:43 | INFO     | Collector       | Collecting subjects...
04/08/2026 19:08:13 | ERROR    | TasksJob        | Task job failed.
Traceback (most recent call last):
  File "C:\Users\Pichau\Documents\coisas\botescolar\jobs\tasks.py", line 28, in run
    tasks = self.collector.collect_tasks()
  File "C:\Users\Pichau\Documents\coisas\botescolar\portal\collection.py", line 292, in collect_tasks
    subjects = self.get_subjects()
  File "C:\Users\Pichau\Documents\coisas\botescolar\portal\collection.py", line 132, in get_subjects
    modal = self.session.wait(
        selectors.SUBJECT_MODAL
    )
  File "C:\Users\Pichau\Documents\coisas\botescolar\portal\session.py", line 224, in wait
    return utils.wait_present(
           ~~~~~~~~~~~~~~~~~~^
        self.driver,
        ^^^^^^^^^^^^
        xpath,
        ^^^^^^
        timeout,
        ^^^^^^^^
    )
    ^
  File "C:\Users\Pichau\Documents\coisas\botescolar\portal\utils.py", line 30, in wait_present
    return WebDriverWait(driver, timeout).until(
           ~~~~~~~~~~~~~~~~~~~~~~~~~~~~~~~~~~~~^
        EC.presence_of_element_located((By.XPATH, xpath))
        ^^^^^^^^^^^^^^^^^^^^^^^^^^^^^^^^^^^^^^^^^^^^^^^^^
    )
    ^
  File "C:\Users\Pichau\AppData\Local\Python\pythoncore-3.14-64\Lib\site-packages\selenium\webdriver\support\wait.py", line 121, in until
    raise TimeoutException(message, screen, stacktrace)
selenium.common.exceptions.TimeoutException: Message: 
Stacktrace:
	chromedriver!GetHandleVerifier [0x7ff6c65c0d25+155a5]
	chromedriver!GetHandleVerifier [0x7ff6c65c0d80+15600]
	chromedriver!(No symbol) [0x7ff6c611594d]
	chromedriver!(No symbol) [0x7ff6c61708e9]
	chromedriver!(No symbol) [0x7ff6c6170bec]
	chromedriver!(No symbol) [0x7ff6c61c1437]
	chromedriver!(No symbol) [0x7ff6c61be01b]
	chromedriver!(No symbol) [0x7ff6c6162e6c]
	chromedriver!(No symbol) [0x7ff6c6163d93]
	chromedriver!GetHandleVerifier [0x7ff6c6ba6431+5facb1]
	chromedriver!GetHandleVerifier [0x7ff6c6ba0a9b+5f531b]
	chromedriver!GetHandleVerifier [0x7ff6c6bc5865+61a0e5]
	chromedriver!GetHandleVerifier [0x7ff6c65ddace+3234e]
	chromedriver!GetHandleVerifier [0x7ff6c65e661c+3ae9c]
	chromedriver!GetHandleVerifier [0x7ff6c65cab74+1f3f4]
	chromedriver!GetHandleVerifier [0x7ff6c65cad04+1f584]
	chromedriver!GetHandleVerifier [0x7ff6c65ad9d7+2257]
	KERNEL32!BaseThreadInitThunk [0x7ffce542e8d7+17]
	ntdll!RtlUserThreadStart [0x7ffce6d8c40c+2c]

04/08/2026 19:08:13 | INFO     | Launcher        | Sleeping for 15s...
04/08/2026 19:08:28 | INFO     | Launcher        | Starting scheduled check...
04/08/2026 19:08:28 | INFO     | ResourcesJob    | Running resource check...
04/08/2026 19:08:28 | INFO     | Collector       | Collecting resources...
04/08/2026 19:08:28 | INFO     | Collector       | Collecting subjects...
04/08/2026 19:08:58 | ERROR    | ResourcesJob    | Resource job failed.
Traceback (most recent call last):
  File "C:\Users\Pichau\Documents\coisas\botescolar\jobs\resources.py", line 57, in run
    .collect_resources()
     ~~~~~~~~~~~~~~~~~^^
  File "C:\Users\Pichau\Documents\coisas\botescolar\portal\collection.py", line 236, in collect_resources
    subjects = self.get_subjects()
  File "C:\Users\Pichau\Documents\coisas\botescolar\portal\collection.py", line 132, in get_subjects
    modal = self.session.wait(
        selectors.SUBJECT_MODAL
    )
  File "C:\Users\Pichau\Documents\coisas\botescolar\portal\session.py", line 224, in wait
    return utils.wait_present(
           ~~~~~~~~~~~~~~~~~~^
        self.driver,
        ^^^^^^^^^^^^
        xpath,
        ^^^^^^
        timeout,
        ^^^^^^^^
    )
    ^
  File "C:\Users\Pichau\Documents\coisas\botescolar\portal\utils.py", line 30, in wait_present
    return WebDriverWait(driver, timeout).until(
           ~~~~~~~~~~~~~~~~~~~~~~~~~~~~~~~~~~~~^
        EC.presence_of_element_located((By.XPATH, xpath))
        ^^^^^^^^^^^^^^^^^^^^^^^^^^^^^^^^^^^^^^^^^^^^^^^^^
    )
    ^
  File "C:\Users\Pichau\AppData\Local\Python\pythoncore-3.14-64\Lib\site-packages\selenium\webdriver\support\wait.py", line 121, in until
    raise TimeoutException(message, screen, stacktrace)
selenium.common.exceptions.TimeoutException: Message: 
Stacktrace:
	chromedriver!GetHandleVerifier [0x7ff6c65c0d25+155a5]
	chromedriver!GetHandleVerifier [0x7ff6c65c0d80+15600]
	chromedriver!(No symbol) [0x7ff6c611594d]
	chromedriver!(No symbol) [0x7ff6c61708e9]
	chromedriver!(No symbol) [0x7ff6c6170bec]
	chromedriver!(No symbol) [0x7ff6c61c1437]
	chromedriver!(No symbol) [0x7ff6c61be01b]
	chromedriver!(No symbol) [0x7ff6c6162e6c]
	chromedriver!(No symbol) [0x7ff6c6163d93]
	chromedriver!GetHandleVerifier [0x7ff6c6ba6431+5facb1]
	chromedriver!GetHandleVerifier [0x7ff6c6ba0a9b+5f531b]
	chromedriver!GetHandleVerifier [0x7ff6c6bc5865+61a0e5]
	chromedriver!GetHandleVerifier [0x7ff6c65ddace+3234e]
	chromedriver!GetHandleVerifier [0x7ff6c65e661c+3ae9c]
	chromedriver!GetHandleVerifier [0x7ff6c65cab74+1f3f4]
	chromedriver!GetHandleVerifier [0x7ff6c65cad04+1f584]
	chromedriver!GetHandleVerifier [0x7ff6c65ad9d7+2257]
	KERNEL32!BaseThreadInitThunk [0x7ffce542e8d7+17]
	ntdll!RtlUserThreadStart [0x7ffce6d8c40c+2c]

04/08/2026 19:08:58 | INFO     | TasksJob        | Running task check...
04/08/2026 19:08:58 | INFO     | Collector       | Collecting tasks...
04/08/2026 19:08:58 | INFO     | Collector       | Collecting subjects...
04/08/2026 19:09:29 | ERROR    | TasksJob        | Task job failed.
Traceback (most recent call last):
  File "C:\Users\Pichau\Documents\coisas\botescolar\jobs\tasks.py", line 28, in run
    tasks = self.collector.collect_tasks()
  File "C:\Users\Pichau\Documents\coisas\botescolar\portal\collection.py", line 292, in collect_tasks
    subjects = self.get_subjects()
  File "C:\Users\Pichau\Documents\coisas\botescolar\portal\collection.py", line 132, in get_subjects
    modal = self.session.wait(
        selectors.SUBJECT_MODAL
    )
  File "C:\Users\Pichau\Documents\coisas\botescolar\portal\session.py", line 224, in wait
    return utils.wait_present(
           ~~~~~~~~~~~~~~~~~~^
        self.driver,
        ^^^^^^^^^^^^
        xpath,
        ^^^^^^
        timeout,
        ^^^^^^^^
    )
    ^
  File "C:\Users\Pichau\Documents\coisas\botescolar\portal\utils.py", line 30, in wait_present
    return WebDriverWait(driver, timeout).until(
           ~~~~~~~~~~~~~~~~~~~~~~~~~~~~~~~~~~~~^
        EC.presence_of_element_located((By.XPATH, xpath))
        ^^^^^^^^^^^^^^^^^^^^^^^^^^^^^^^^^^^^^^^^^^^^^^^^^
    )
    ^
  File "C:\Users\Pichau\AppData\Local\Python\pythoncore-3.14-64\Lib\site-packages\selenium\webdriver\support\wait.py", line 121, in until
    raise TimeoutException(message, screen, stacktrace)
selenium.common.exceptions.TimeoutException: Message: 
Stacktrace:
	chromedriver!GetHandleVerifier [0x7ff6c65c0d25+155a5]
	chromedriver!GetHandleVerifier [0x7ff6c65c0d80+15600]
	chromedriver!(No symbol) [0x7ff6c611594d]
	chromedriver!(No symbol) [0x7ff6c61708e9]
	chromedriver!(No symbol) [0x7ff6c6170bec]
	chromedriver!(No symbol) [0x7ff6c61c1437]
	chromedriver!(No symbol) [0x7ff6c61be01b]
	chromedriver!(No symbol) [0x7ff6c6162e6c]
	chromedriver!(No symbol) [0x7ff6c6163d93]
	chromedriver!GetHandleVerifier [0x7ff6c6ba6431+5facb1]
	chromedriver!GetHandleVerifier [0x7ff6c6ba0a9b+5f531b]
	chromedriver!GetHandleVerifier [0x7ff6c6bc5865+61a0e5]
	chromedriver!GetHandleVerifier [0x7ff6c65ddace+3234e]
	chromedriver!GetHandleVerifier [0x7ff6c65e661c+3ae9c]
	chromedriver!GetHandleVerifier [0x7ff6c65cab74+1f3f4]
	chromedriver!GetHandleVerifier [0x7ff6c65cad04+1f584]
	chromedriver!GetHandleVerifier [0x7ff6c65ad9d7+2257]
	KERNEL32!BaseThreadInitThunk [0x7ffce542e8d7+17]
	ntdll!RtlUserThreadStart [0x7ffce6d8c40c+2c]

04/08/2026 19:09:29 | INFO     | Launcher        | Sleeping for 15s...
04/08/2026 19:09:44 | INFO     | Launcher        | Starting scheduled check...
04/08/2026 19:09:44 | INFO     | ResourcesJob    | Running resource check...
04/08/2026 19:09:44 | INFO     | Collector       | Collecting resources...
04/08/2026 19:09:44 | INFO     | Collector       | Collecting subjects...
04/08/2026 19:10:00 | ERROR    | ResourcesJob    | Resource job failed.
Traceback (most recent call last):
  File "C:\Users\Pichau\AppData\Local\Python\pythoncore-3.14-64\Lib\site-packages\urllib3\connectionpool.py", line 787, in urlopen
    response = self._make_request(
        conn,
    ...<10 lines>...
        **response_kw,
    )
  File "C:\Users\Pichau\AppData\Local\Python\pythoncore-3.14-64\Lib\site-packages\urllib3\connectionpool.py", line 534, in _make_request
    response = conn.getresponse()
  File "C:\Users\Pichau\AppData\Local\Python\pythoncore-3.14-64\Lib\site-packages\urllib3\connection.py", line 571, in getresponse
    httplib_response = super().getresponse()
  File "C:\Users\Pichau\AppData\Local\Python\pythoncore-3.14-64\Lib\http\client.py", line 1450, in getresponse
    response.begin()
    ~~~~~~~~~~~~~~^^
  File "C:\Users\Pichau\AppData\Local\Python\pythoncore-3.14-64\Lib\http\client.py", line 336, in begin
    version, status, reason = self._read_status()
                              ~~~~~~~~~~~~~~~~~^^
  File "C:\Users\Pichau\AppData\Local\Python\pythoncore-3.14-64\Lib\http\client.py", line 297, in _read_status
    line = str(self.fp.readline(_MAXLINE + 1), "iso-8859-1")
               ~~~~~~~~~~~~~~~~^^^^^^^^^^^^^^
  File "C:\Users\Pichau\AppData\Local\Python\pythoncore-3.14-64\Lib\socket.py", line 725, in readinto
    return self._sock.recv_into(b)
           ~~~~~~~~~~~~~~~~~~~~^^^
ConnectionResetError: [WinError 10054] Foi forçado o cancelamento de uma conexão existente pelo host remoto

During handling of the above exception, another exception occurred:

Traceback (most recent call last):
  File "C:\Users\Pichau\Documents\coisas\botescolar\jobs\resources.py", line 57, in run
    .collect_resources()
     ~~~~~~~~~~~~~~~~~^^
  File "C:\Users\Pichau\Documents\coisas\botescolar\portal\collection.py", line 236, in collect_resources
    subjects = self.get_subjects()
  File "C:\Users\Pichau\Documents\coisas\botescolar\portal\collection.py", line 132, in get_subjects
    modal = self.session.wait(
        selectors.SUBJECT_MODAL
    )
  File "C:\Users\Pichau\Documents\coisas\botescolar\portal\session.py", line 224, in wait
    return utils.wait_present(
           ~~~~~~~~~~~~~~~~~~^
        self.driver,
        ^^^^^^^^^^^^
        xpath,
        ^^^^^^
        timeout,
        ^^^^^^^^
    )
    ^
  File "C:\Users\Pichau\Documents\coisas\botescolar\portal\utils.py", line 30, in wait_present
    return WebDriverWait(driver, timeout).until(
           ~~~~~~~~~~~~~~~~~~~~~~~~~~~~~~~~~~~~^
        EC.presence_of_element_located((By.XPATH, xpath))
        ^^^^^^^^^^^^^^^^^^^^^^^^^^^^^^^^^^^^^^^^^^^^^^^^^
    )
    ^
  File "C:\Users\Pichau\AppData\Local\Python\pythoncore-3.14-64\Lib\site-packages\selenium\webdriver\support\wait.py", line 112, in until
    value = method(self._driver)
  File "C:\Users\Pichau\AppData\Local\Python\pythoncore-3.14-64\Lib\site-packages\selenium\webdriver\support\expected_conditions.py", line 92, in _predicate
    return driver.find_element(*locator)
           ~~~~~~~~~~~~~~~~~~~^^^^^^^^^^
  File "C:\Users\Pichau\AppData\Local\Python\pythoncore-3.14-64\Lib\site-packages\selenium\webdriver\remote\webdriver.py", line 816, in find_element
    return self.execute(Command.FIND_ELEMENT, {"using": by, "value": value})["value"]
           ~~~~~~~~~~~~^^^^^^^^^^^^^^^^^^^^^^^^^^^^^^^^^^^^^^^^^^^^^^^^^^^^^
  File "C:\Users\Pichau\AppData\Local\Python\pythoncore-3.14-64\Lib\site-packages\selenium\webdriver\remote\webdriver.py", line 443, in execute
    response = cast(RemoteConnection, self.command_executor).execute(driver_command, params)
  File "C:\Users\Pichau\AppData\Local\Python\pythoncore-3.14-64\Lib\site-packages\selenium\webdriver\remote\remote_connection.py", line 407, in execute
    return self._request(command_info[0], url, body=data)
           ~~~~~~~~~~~~~^^^^^^^^^^^^^^^^^^^^^^^^^^^^^^^^^
  File "C:\Users\Pichau\AppData\Local\Python\pythoncore-3.14-64\Lib\site-packages\selenium\webdriver\remote\remote_connection.py", line 431, in _request
    response = self._conn.request(method, url, body=body, headers=headers, timeout=self._client_config.timeout)
  File "C:\Users\Pichau\AppData\Local\Python\pythoncore-3.14-64\Lib\site-packages\urllib3\_request_methods.py", line 143, in request
    return self.request_encode_body(
           ~~~~~~~~~~~~~~~~~~~~~~~~^
        method, url, fields=fields, headers=headers, **urlopen_kw
        ^^^^^^^^^^^^^^^^^^^^^^^^^^^^^^^^^^^^^^^^^^^^^^^^^^^^^^^^^
    )
    ^
  File "C:\Users\Pichau\AppData\Local\Python\pythoncore-3.14-64\Lib\site-packages\urllib3\_request_methods.py", line 278, in request_encode_body
    return self.urlopen(method, url, **extra_kw)
           ~~~~~~~~~~~~^^^^^^^^^^^^^^^^^^^^^^^^^
  File "C:\Users\Pichau\AppData\Local\Python\pythoncore-3.14-64\Lib\site-packages\urllib3\poolmanager.py", line 457, in urlopen
    response = conn.urlopen(method, u.request_uri, **kw)
  File "C:\Users\Pichau\AppData\Local\Python\pythoncore-3.14-64\Lib\site-packages\urllib3\connectionpool.py", line 841, in urlopen
    retries = retries.increment(
        method, url, error=new_e, _pool=self, _stacktrace=sys.exc_info()[2]
    )
  File "C:\Users\Pichau\AppData\Local\Python\pythoncore-3.14-64\Lib\site-packages\urllib3\util\retry.py", line 490, in increment
    raise reraise(type(error), error, _stacktrace)
          ~~~~~~~^^^^^^^^^^^^^^^^^^^^^^^^^^^^^^^^^
  File "C:\Users\Pichau\AppData\Local\Python\pythoncore-3.14-64\Lib\site-packages\urllib3\util\util.py", line 38, in reraise
    raise value.with_traceback(tb)
  File "C:\Users\Pichau\AppData\Local\Python\pythoncore-3.14-64\Lib\site-packages\urllib3\connectionpool.py", line 787, in urlopen
    response = self._make_request(
        conn,
    ...<10 lines>...
        **response_kw,
    )
  File "C:\Users\Pichau\AppData\Local\Python\pythoncore-3.14-64\Lib\site-packages\urllib3\connectionpool.py", line 534, in _make_request
    response = conn.getresponse()
  File "C:\Users\Pichau\AppData\Local\Python\pythoncore-3.14-64\Lib\site-packages\urllib3\connection.py", line 571, in getresponse
    httplib_response = super().getresponse()
  File "C:\Users\Pichau\AppData\Local\Python\pythoncore-3.14-64\Lib\http\client.py", line 1450, in getresponse
    response.begin()
    ~~~~~~~~~~~~~~^^
  File "C:\Users\Pichau\AppData\Local\Python\pythoncore-3.14-64\Lib\http\client.py", line 336, in begin
    version, status, reason = self._read_status()
                              ~~~~~~~~~~~~~~~~~^^
  File "C:\Users\Pichau\AppData\Local\Python\pythoncore-3.14-64\Lib\http\client.py", line 297, in _read_status
    line = str(self.fp.readline(_MAXLINE + 1), "iso-8859-1")
               ~~~~~~~~~~~~~~~~^^^^^^^^^^^^^^
  File "C:\Users\Pichau\AppData\Local\Python\pythoncore-3.14-64\Lib\socket.py", line 725, in readinto
    return self._sock.recv_into(b)
           ~~~~~~~~~~~~~~~~~~~~^^^
urllib3.exceptions.ProtocolError: ('Connection aborted.', ConnectionResetError(10054, 'Foi forçado o cancelamento de uma conexão existente pelo host remoto', None, 10054, None))
04/08/2026 19:10:00 | INFO     | TasksJob        | Running task check...
04/08/2026 19:10:00 | INFO     | Collector       | Collecting tasks...
04/08/2026 19:10:00 | INFO     | Collector       | Collecting subjects...
04/08/2026 19:10:17 | WARNING  | PortalSession   | Driver died.
04/08/2026 19:10:17 | WARNING  | PortalSession   | Restarting Chrome...
04/08/2026 19:10:17 | INFO     | PortalSession   | Closing Chrome...
04/08/2026 19:10:33 | INFO     | PortalSession   | Starting Chrome...
04/08/2026 19:10:34 | INFO     | PortalSession   | Opening https://portal.educacaoadventista.org.br/
04/08/2026 19:10:42 | INFO     | Launcher        | Stopping services...
04/08/2026 19:10:42 | INFO     | Discord         | Disconnecting from Discord...
04/08/2026 19:11:48 | INFO     | Launcher        | ============================================================
04/08/2026 19:11:48 | INFO     | Launcher        | School Bot starting...
04/08/2026 19:11:48 | INFO     | Launcher        | ============================================================
04/08/2026 19:11:48 | INFO     | Launcher        | Obtaining portal token...
04/08/2026 19:11:48 | INFO     | PortalToken     | Using saved portal token.
04/08/2026 19:11:48 | INFO     | Launcher        | Portal token acquired.
04/08/2026 19:11:48 | INFO     | PortalSession   | Starting Chrome...
04/08/2026 19:11:49 | INFO     | PortalSession   | Opening https://portal.educacaoadventista.org.br/
04/08/2026 19:11:50 | INFO     | PortalSession   | Injecting portal token...
04/08/2026 19:11:50 | INFO     | PortalSession   | Token injected. Refreshing...
04/08/2026 19:11:50 | INFO     | Discord         | Connecting to Discord...
04/08/2026 19:11:54 | INFO     | Discord         | Connected as Bot Eclass#8038
04/08/2026 19:11:54 | INFO     | Discord         | Caching Discord channels...
04/08/2026 19:11:54 | INFO     | Discord         | Caching forum threads...
04/08/2026 19:11:54 | INFO     | Discord         | Cached 11 threads.
04/08/2026 19:11:54 | INFO     | Launcher        | Discord connected.
04/08/2026 19:11:54 | INFO     | Launcher        | Launcher ready.
04/08/2026 19:11:54 | INFO     | Launcher        | Starting scheduled check...
04/08/2026 19:11:54 | INFO     | ResourcesJob    | Running resource check...
04/08/2026 19:11:54 | INFO     | Collector       | Collecting resources...
04/08/2026 19:11:54 | INFO     | Collector       | Collecting subjects...
04/08/2026 19:12:25 | ERROR    | ResourcesJob    | Resource job failed.
Traceback (most recent call last):
  File "C:\Users\Pichau\Documents\coisas\botescolar\jobs\resources.py", line 57, in run
    .collect_resources()
     ~~~~~~~~~~~~~~~~~^^
  File "C:\Users\Pichau\Documents\coisas\botescolar\portal\collection.py", line 236, in collect_resources
    subjects = self.get_subjects()
  File "C:\Users\Pichau\Documents\coisas\botescolar\portal\collection.py", line 132, in get_subjects
    modal = self.session.wait(
        selectors.SUBJECT_MODAL
    )
  File "C:\Users\Pichau\Documents\coisas\botescolar\portal\session.py", line 224, in wait
    return utils.wait_present(
           ~~~~~~~~~~~~~~~~~~^
        self.driver,
        ^^^^^^^^^^^^
        xpath,
        ^^^^^^
        timeout,
        ^^^^^^^^
    )
    ^
  File "C:\Users\Pichau\Documents\coisas\botescolar\portal\utils.py", line 26, in wait_present
    return WebDriverWait(driver, timeout).until(
           ~~~~~~~~~~~~~~~~~~~~~~~~~~~~~~~~~~~~^
        EC.presence_of_element_located((By.XPATH, xpath))
        ^^^^^^^^^^^^^^^^^^^^^^^^^^^^^^^^^^^^^^^^^^^^^^^^^
    )
    ^
  File "C:\Users\Pichau\AppData\Local\Python\pythoncore-3.14-64\Lib\site-packages\selenium\webdriver\support\wait.py", line 121, in until
    raise TimeoutException(message, screen, stacktrace)
selenium.common.exceptions.TimeoutException: Message: 
Stacktrace:
	chromedriver!GetHandleVerifier [0x7ff6c65c0d25+155a5]
	chromedriver!GetHandleVerifier [0x7ff6c65c0d80+15600]
	chromedriver!(No symbol) [0x7ff6c611594d]
	chromedriver!(No symbol) [0x7ff6c61708e9]
	chromedriver!(No symbol) [0x7ff6c6170bec]
	chromedriver!(No symbol) [0x7ff6c61c1437]
	chromedriver!(No symbol) [0x7ff6c61be01b]
	chromedriver!(No symbol) [0x7ff6c6162e6c]
	chromedriver!(No symbol) [0x7ff6c6163d93]
	chromedriver!GetHandleVerifier [0x7ff6c6ba6431+5facb1]
	chromedriver!GetHandleVerifier [0x7ff6c6ba0a9b+5f531b]
	chromedriver!GetHandleVerifier [0x7ff6c6bc5865+61a0e5]
	chromedriver!GetHandleVerifier [0x7ff6c65ddace+3234e]
	chromedriver!GetHandleVerifier [0x7ff6c65e661c+3ae9c]
	chromedriver!GetHandleVerifier [0x7ff6c65cab74+1f3f4]
	chromedriver!GetHandleVerifier [0x7ff6c65cad04+1f584]
	chromedriver!GetHandleVerifier [0x7ff6c65ad9d7+2257]
	KERNEL32!BaseThreadInitThunk [0x7ffce542e8d7+17]
	ntdll!RtlUserThreadStart [0x7ffce6d8c40c+2c]

04/08/2026 19:12:25 | INFO     | TasksJob        | Running task check...
04/08/2026 19:12:25 | INFO     | Collector       | Collecting tasks...
04/08/2026 19:12:25 | INFO     | Collector       | Collecting subjects...
04/08/2026 19:12:44 | INFO     | Launcher        | Stopping services...
04/08/2026 19:12:44 | INFO     | Discord         | Disconnecting from Discord...
04/08/2026 19:12:48 | INFO     | Launcher        | ============================================================
04/08/2026 19:12:48 | INFO     | Launcher        | School Bot starting...
04/08/2026 19:12:48 | INFO     | Launcher        | ============================================================
04/08/2026 19:12:48 | INFO     | Launcher        | Obtaining portal token...
04/08/2026 19:12:48 | INFO     | PortalToken     | Using saved portal token.
04/08/2026 19:12:48 | INFO     | Launcher        | Portal token acquired.
04/08/2026 19:12:48 | INFO     | PortalSession   | Starting Chrome...
04/08/2026 19:12:49 | INFO     | PortalSession   | Opening https://portal.educacaoadventista.org.br/
04/08/2026 19:12:50 | INFO     | PortalSession   | Injecting portal token...
04/08/2026 19:12:50 | INFO     | PortalSession   | Token injected. Refreshing...
04/08/2026 19:12:50 | INFO     | Discord         | Connecting to Discord...
04/08/2026 19:12:54 | INFO     | Discord         | Connected as Bot Eclass#8038
04/08/2026 19:12:54 | INFO     | Discord         | Caching Discord channels...
04/08/2026 19:12:55 | INFO     | Discord         | Caching forum threads...
04/08/2026 19:12:55 | INFO     | Discord         | Cached 11 threads.
04/08/2026 19:12:55 | INFO     | Launcher        | Discord connected.
04/08/2026 19:12:55 | INFO     | Launcher        | Launcher ready.
04/08/2026 19:12:55 | INFO     | Launcher        | Starting scheduled check...
04/08/2026 19:12:55 | INFO     | ResourcesJob    | Running resource check...
04/08/2026 19:12:55 | INFO     | Collector       | Collecting resources...
04/08/2026 19:12:55 | INFO     | Collector       | Collecting subjects...
04/08/2026 19:13:25 | ERROR    | ResourcesJob    | Resource job failed.
Traceback (most recent call last):
  File "C:\Users\Pichau\Documents\coisas\botescolar\jobs\resources.py", line 57, in run
    .collect_resources()
     ~~~~~~~~~~~~~~~~~^^
  File "C:\Users\Pichau\Documents\coisas\botescolar\portal\collection.py", line 236, in collect_resources
    subjects = self.get_subjects()
  File "C:\Users\Pichau\Documents\coisas\botescolar\portal\collection.py", line 132, in get_subjects
    modal = self.session.wait(
        selectors.SUBJECT_MODAL
    )
  File "C:\Users\Pichau\Documents\coisas\botescolar\portal\session.py", line 224, in wait
    return utils.wait_present(
           ~~~~~~~~~~~~~~~~~~^
        self.driver,
        ^^^^^^^^^^^^
        xpath,
        ^^^^^^
        timeout,
        ^^^^^^^^
    )
    ^
  File "C:\Users\Pichau\Documents\coisas\botescolar\portal\utils.py", line 26, in wait_present
    return WebDriverWait(driver, timeout).until(
           ~~~~~~~~~~~~~~~~~~~~~~~~~~~~~~~~~~~~^
        EC.presence_of_element_located((By.XPATH, xpath))
        ^^^^^^^^^^^^^^^^^^^^^^^^^^^^^^^^^^^^^^^^^^^^^^^^^
    )
    ^
  File "C:\Users\Pichau\AppData\Local\Python\pythoncore-3.14-64\Lib\site-packages\selenium\webdriver\support\wait.py", line 121, in until
    raise TimeoutException(message, screen, stacktrace)
selenium.common.exceptions.TimeoutException: Message: 
Stacktrace:
	chromedriver!GetHandleVerifier [0x7ff6c65c0d25+155a5]
	chromedriver!GetHandleVerifier [0x7ff6c65c0d80+15600]
	chromedriver!(No symbol) [0x7ff6c611594d]
	chromedriver!(No symbol) [0x7ff6c61708e9]
	chromedriver!(No symbol) [0x7ff6c6170bec]
	chromedriver!(No symbol) [0x7ff6c61c1437]
	chromedriver!(No symbol) [0x7ff6c61be01b]
	chromedriver!(No symbol) [0x7ff6c6162e6c]
	chromedriver!(No symbol) [0x7ff6c6163d93]
	chromedriver!GetHandleVerifier [0x7ff6c6ba6431+5facb1]
	chromedriver!GetHandleVerifier [0x7ff6c6ba0a9b+5f531b]
	chromedriver!GetHandleVerifier [0x7ff6c6bc5865+61a0e5]
	chromedriver!GetHandleVerifier [0x7ff6c65ddace+3234e]
	chromedriver!GetHandleVerifier [0x7ff6c65e661c+3ae9c]
	chromedriver!GetHandleVerifier [0x7ff6c65cab74+1f3f4]
	chromedriver!GetHandleVerifier [0x7ff6c65cad04+1f584]
	chromedriver!GetHandleVerifier [0x7ff6c65ad9d7+2257]
	KERNEL32!BaseThreadInitThunk [0x7ffce542e8d7+17]
	ntdll!RtlUserThreadStart [0x7ffce6d8c40c+2c]

04/08/2026 19:13:25 | INFO     | TasksJob        | Running task check...
04/08/2026 19:13:25 | INFO     | Collector       | Collecting tasks...
04/08/2026 19:13:25 | INFO     | Collector       | Collecting subjects...
04/08/2026 19:13:56 | ERROR    | TasksJob        | Task job failed.
Traceback (most recent call last):
  File "C:\Users\Pichau\Documents\coisas\botescolar\jobs\tasks.py", line 28, in run
    tasks = self.collector.collect_tasks()
  File "C:\Users\Pichau\Documents\coisas\botescolar\portal\collection.py", line 292, in collect_tasks
    subjects = self.get_subjects()
  File "C:\Users\Pichau\Documents\coisas\botescolar\portal\collection.py", line 132, in get_subjects
    modal = self.session.wait(
        selectors.SUBJECT_MODAL
    )
  File "C:\Users\Pichau\Documents\coisas\botescolar\portal\session.py", line 224, in wait
    return utils.wait_present(
           ~~~~~~~~~~~~~~~~~~^
        self.driver,
        ^^^^^^^^^^^^
        xpath,
        ^^^^^^
        timeout,
        ^^^^^^^^
    )
    ^
  File "C:\Users\Pichau\Documents\coisas\botescolar\portal\utils.py", line 26, in wait_present
    return WebDriverWait(driver, timeout).until(
           ~~~~~~~~~~~~~~~~~~~~~~~~~~~~~~~~~~~~^
        EC.presence_of_element_located((By.XPATH, xpath))
        ^^^^^^^^^^^^^^^^^^^^^^^^^^^^^^^^^^^^^^^^^^^^^^^^^
    )
    ^
  File "C:\Users\Pichau\AppData\Local\Python\pythoncore-3.14-64\Lib\site-packages\selenium\webdriver\support\wait.py", line 121, in until
    raise TimeoutException(message, screen, stacktrace)
selenium.common.exceptions.TimeoutException: Message: 
Stacktrace:
	chromedriver!GetHandleVerifier [0x7ff6c65c0d25+155a5]
	chromedriver!GetHandleVerifier [0x7ff6c65c0d80+15600]
	chromedriver!(No symbol) [0x7ff6c611594d]
	chromedriver!(No symbol) [0x7ff6c61708e9]
	chromedriver!(No symbol) [0x7ff6c6170bec]
	chromedriver!(No symbol) [0x7ff6c61c1437]
	chromedriver!(No symbol) [0x7ff6c61be01b]
	chromedriver!(No symbol) [0x7ff6c6162e6c]
	chromedriver!(No symbol) [0x7ff6c6163d93]
	chromedriver!GetHandleVerifier [0x7ff6c6ba6431+5facb1]
	chromedriver!GetHandleVerifier [0x7ff6c6ba0a9b+5f531b]
	chromedriver!GetHandleVerifier [0x7ff6c6bc5865+61a0e5]
	chromedriver!GetHandleVerifier [0x7ff6c65ddace+3234e]
	chromedriver!GetHandleVerifier [0x7ff6c65e661c+3ae9c]
	chromedriver!GetHandleVerifier [0x7ff6c65cab74+1f3f4]
	chromedriver!GetHandleVerifier [0x7ff6c65cad04+1f584]
	chromedriver!GetHandleVerifier [0x7ff6c65ad9d7+2257]
	KERNEL32!BaseThreadInitThunk [0x7ffce542e8d7+17]
	ntdll!RtlUserThreadStart [0x7ffce6d8c40c+2c]

04/08/2026 19:13:56 | INFO     | Launcher        | Sleeping for 15s...
04/08/2026 19:14:11 | INFO     | Launcher        | Starting scheduled check...
04/08/2026 19:14:11 | INFO     | ResourcesJob    | Running resource check...
04/08/2026 19:14:11 | INFO     | Collector       | Collecting resources...
04/08/2026 19:14:11 | INFO     | Collector       | Collecting subjects...
04/08/2026 19:14:41 | ERROR    | ResourcesJob    | Resource job failed.
Traceback (most recent call last):
  File "C:\Users\Pichau\Documents\coisas\botescolar\jobs\resources.py", line 57, in run
    .collect_resources()
     ~~~~~~~~~~~~~~~~~^^
  File "C:\Users\Pichau\Documents\coisas\botescolar\portal\collection.py", line 236, in collect_resources
    subjects = self.get_subjects()
  File "C:\Users\Pichau\Documents\coisas\botescolar\portal\collection.py", line 132, in get_subjects
    modal = self.session.wait(
        selectors.SUBJECT_MODAL
    )
  File "C:\Users\Pichau\Documents\coisas\botescolar\portal\session.py", line 224, in wait
    return utils.wait_present(
           ~~~~~~~~~~~~~~~~~~^
        self.driver,
        ^^^^^^^^^^^^
        xpath,
        ^^^^^^
        timeout,
        ^^^^^^^^
    )
    ^
  File "C:\Users\Pichau\Documents\coisas\botescolar\portal\utils.py", line 26, in wait_present
    return WebDriverWait(driver, timeout).until(
           ~~~~~~~~~~~~~~~~~~~~~~~~~~~~~~~~~~~~^
        EC.presence_of_element_located((By.XPATH, xpath))
        ^^^^^^^^^^^^^^^^^^^^^^^^^^^^^^^^^^^^^^^^^^^^^^^^^
    )
    ^
  File "C:\Users\Pichau\AppData\Local\Python\pythoncore-3.14-64\Lib\site-packages\selenium\webdriver\support\wait.py", line 121, in until
    raise TimeoutException(message, screen, stacktrace)
selenium.common.exceptions.TimeoutException: Message: 
Stacktrace:
	chromedriver!GetHandleVerifier [0x7ff6c65c0d25+155a5]
	chromedriver!GetHandleVerifier [0x7ff6c65c0d80+15600]
	chromedriver!(No symbol) [0x7ff6c611594d]
	chromedriver!(No symbol) [0x7ff6c61708e9]
	chromedriver!(No symbol) [0x7ff6c6170bec]
	chromedriver!(No symbol) [0x7ff6c61c1437]
	chromedriver!(No symbol) [0x7ff6c61be01b]
	chromedriver!(No symbol) [0x7ff6c6162e6c]
	chromedriver!(No symbol) [0x7ff6c6163d93]
	chromedriver!GetHandleVerifier [0x7ff6c6ba6431+5facb1]
	chromedriver!GetHandleVerifier [0x7ff6c6ba0a9b+5f531b]
	chromedriver!GetHandleVerifier [0x7ff6c6bc5865+61a0e5]
	chromedriver!GetHandleVerifier [0x7ff6c65ddace+3234e]
	chromedriver!GetHandleVerifier [0x7ff6c65e661c+3ae9c]
	chromedriver!GetHandleVerifier [0x7ff6c65cab74+1f3f4]
	chromedriver!GetHandleVerifier [0x7ff6c65cad04+1f584]
	chromedriver!GetHandleVerifier [0x7ff6c65ad9d7+2257]
	KERNEL32!BaseThreadInitThunk [0x7ffce542e8d7+17]
	ntdll!RtlUserThreadStart [0x7ffce6d8c40c+2c]

04/08/2026 19:14:41 | INFO     | TasksJob        | Running task check...
04/08/2026 19:14:41 | INFO     | Collector       | Collecting tasks...
04/08/2026 19:14:41 | INFO     | Collector       | Collecting subjects...
04/08/2026 19:14:55 | INFO     | Launcher        | Stopping services...
04/08/2026 19:14:55 | INFO     | Discord         | Disconnecting from Discord...
04/08/2026 19:15:22 | INFO     | Launcher        | ============================================================
04/08/2026 19:15:22 | INFO     | Launcher        | School Bot starting...
04/08/2026 19:15:22 | INFO     | Launcher        | ============================================================
04/08/2026 19:15:22 | INFO     | Launcher        | Obtaining portal token...
04/08/2026 19:15:22 | INFO     | PortalToken     | Using saved portal token.
04/08/2026 19:15:22 | INFO     | Launcher        | Portal token acquired.
04/08/2026 19:15:22 | INFO     | PortalSession   | Starting Chrome...
04/08/2026 19:15:23 | INFO     | PortalSession   | Opening https://portal.educacaoadventista.org.br/
04/08/2026 19:15:23 | INFO     | PortalSession   | Injecting portal token...
04/08/2026 19:15:23 | INFO     | PortalSession   | Token injected. Refreshing...
04/08/2026 19:15:24 | INFO     | Discord         | Connecting to Discord...
04/08/2026 19:15:27 | INFO     | Discord         | Connected as Bot Eclass#8038
04/08/2026 19:15:27 | INFO     | Discord         | Caching Discord channels...
04/08/2026 19:15:29 | INFO     | Discord         | Caching forum threads...
04/08/2026 19:15:29 | INFO     | Discord         | Cached 11 threads.
04/08/2026 19:15:29 | INFO     | Launcher        | Discord connected.
04/08/2026 19:15:29 | INFO     | Launcher        | Launcher ready.
04/08/2026 19:15:29 | INFO     | Launcher        | Starting scheduled check...
04/08/2026 19:15:29 | INFO     | ResourcesJob    | Running resource check...
04/08/2026 19:15:29 | INFO     | Collector       | Collecting resources...
04/08/2026 19:15:29 | INFO     | Collector       | Collecting subjects...
04/08/2026 19:15:42 | INFO     | Collector       | Found 3 subjects.
04/08/2026 19:15:42 | INFO     | Collector       | Opening História
04/08/2026 19:15:42 | INFO     | Collector       | Opening Língua Inglesa
04/08/2026 19:16:24 | ERROR    | ResourcesJob    | Resource job failed.
Traceback (most recent call last):
  File "C:\Users\Pichau\Documents\coisas\botescolar\jobs\resources.py", line 57, in run
    .collect_resources()
     ~~~~~~~~~~~~~~~~~^^
  File "C:\Users\Pichau\Documents\coisas\botescolar\portal\collection.py", line 241, in collect_resources
    self.open_subject(
    ~~~~~~~~~~~~~~~~~^
        subject
        ^^^^^^^
    )
    ^
  File "C:\Users\Pichau\Documents\coisas\botescolar\portal\collection.py", line 191, in open_subject
    self.session.click(
    ~~~~~~~~~~~~~~~~~~^
        xpath,
        ^^^^^^
        timeout=60
        ^^^^^^^^^^
    )
    ^
  File "C:\Users\Pichau\Documents\coisas\botescolar\portal\session.py", line 236, in click
    return utils.wait_and_click(
           ~~~~~~~~~~~~~~~~~~~~^
        self.driver,
        ^^^^^^^^^^^^
        xpath,
        ^^^^^^
        timeout,
        ^^^^^^^^
    )
    ^
  File "C:\Users\Pichau\Documents\coisas\botescolar\portal\utils.py", line 96, in wait_and_click
    element = wait_clickable(
        driver,
        xpath,
        timeout,
    )
  File "C:\Users\Pichau\Documents\coisas\botescolar\portal\utils.py", line 42, in wait_clickable
    return WebDriverWait(driver, timeout).until(
           ~~~~~~~~~~~~~~~~~~~~~~~~~~~~~~~~~~~~^
        EC.element_to_be_clickable((By.XPATH, xpath))
        ^^^^^^^^^^^^^^^^^^^^^^^^^^^^^^^^^^^^^^^^^^^^^
    )
    ^
  File "C:\Users\Pichau\AppData\Local\Python\pythoncore-3.14-64\Lib\site-packages\selenium\webdriver\support\wait.py", line 112, in until
    value = method(self._driver)
  File "C:\Users\Pichau\AppData\Local\Python\pythoncore-3.14-64\Lib\site-packages\selenium\webdriver\support\expected_conditions.py", line 514, in _predicate
    target = driver.find_element(*target)  # grab element at locator
  File "C:\Users\Pichau\AppData\Local\Python\pythoncore-3.14-64\Lib\site-packages\selenium\webdriver\remote\webdriver.py", line 816, in find_element
    return self.execute(Command.FIND_ELEMENT, {"using": by, "value": value})["value"]
           ~~~~~~~~~~~~^^^^^^^^^^^^^^^^^^^^^^^^^^^^^^^^^^^^^^^^^^^^^^^^^^^^^
  File "C:\Users\Pichau\AppData\Local\Python\pythoncore-3.14-64\Lib\site-packages\selenium\webdriver\remote\webdriver.py", line 446, in execute
    self.error_handler.check_response(response)
    ~~~~~~~~~~~~~~~~~~~~~~~~~~~~~~~~~^^^^^^^^^^
  File "C:\Users\Pichau\AppData\Local\Python\pythoncore-3.14-64\Lib\site-packages\selenium\webdriver\remote\errorhandler.py", line 232, in check_response
    raise exception_class(message, screen, stacktrace)
selenium.common.exceptions.InvalidSessionIdException: Message: invalid session id: session deleted as the browser has closed the connection
from disconnected: not connected to DevTools
  (Session info: chrome=150.0.7871.187); For documentation on this error, please visit: https://www.selenium.dev/documentation/webdriver/troubleshooting/errors#invalidsessionidexception
Stacktrace:
	chromedriver!GetHandleVerifier [0x7ff6c65c0d25+155a5]
	chromedriver!GetHandleVerifier [0x7ff6c65c0d80+15600]
	chromedriver!(No symbol) [0x7ff6c611594d]
	chromedriver!(No symbol) [0x7ff6c6101102]
	chromedriver!(No symbol) [0x7ff6c612704c]
	chromedriver!(No symbol) [0x7ff6c61a0790]
	chromedriver!(No symbol) [0x7ff6c61bd902]
	chromedriver!(No symbol) [0x7ff6c6162e6c]
	chromedriver!(No symbol) [0x7ff6c6163d93]
	chromedriver!GetHandleVerifier [0x7ff6c6ba6431+5facb1]
	chromedriver!GetHandleVerifier [0x7ff6c6ba0a9b+5f531b]
	chromedriver!GetHandleVerifier [0x7ff6c6bc5865+61a0e5]
	chromedriver!GetHandleVerifier [0x7ff6c65ddace+3234e]
	chromedriver!GetHandleVerifier [0x7ff6c65e661c+3ae9c]
	chromedriver!GetHandleVerifier [0x7ff6c65cab74+1f3f4]
	chromedriver!GetHandleVerifier [0x7ff6c65cad04+1f584]
	chromedriver!GetHandleVerifier [0x7ff6c65ad9d7+2257]
	KERNEL32!BaseThreadInitThunk [0x7ffce542e8d7+17]
	ntdll!RtlUserThreadStart [0x7ffce6d8c40c+2c]

04/08/2026 19:16:24 | INFO     | TasksJob        | Running task check...
04/08/2026 19:16:24 | INFO     | Collector       | Collecting tasks...
04/08/2026 19:16:24 | INFO     | Collector       | Collecting subjects...
04/08/2026 19:16:24 | WARNING  | PortalSession   | Driver died.
04/08/2026 19:16:24 | WARNING  | PortalSession   | Restarting Chrome...
04/08/2026 19:16:24 | INFO     | PortalSession   | Closing Chrome...
04/08/2026 19:16:26 | INFO     | PortalSession   | Starting Chrome...
04/08/2026 19:16:27 | INFO     | PortalSession   | Opening https://portal.educacaoadventista.org.br/
04/08/2026 19:16:46 | INFO     | Collector       | Found 3 subjects.
04/08/2026 19:16:46 | INFO     | Collector       | Opening História
04/08/2026 19:16:47 | INFO     | Collector       | Opening Língua Inglesa
